assembly_id,zero_final_quality,direct_final_quality,deterministic_final_quality,structured_final_quality,structured_regret_vs_direct,deterministic_regret_vs_direct,structured_closer_to_direct
100001,0.4686975441677335,0.2858490541850847,0.3914315652655237,0.3398119891241024,0.05396293493901766,0.10558251108043898,True
100002,0.4635510198011304,0.1500647651026978,0.203984941594216,0.2090657065341715,0.05900094143147369,0.0539201764915182,False
100003,0.4916328895506952,0.1561067353990935,0.2115516085456289,0.2203657714941582,0.0642590360950647,0.0554448731465354,False
100004,1.0842060442014714,0.0153803686056568,0.0117904037684957,0.0113372373242603,-0.0040431312813965,-0.0035899648371610984,False
100005,0.6642064751889215,0.0507812105015851,0.0358642696327352,0.16092821807686,0.1101470075752749,-0.014916940868849898,False
100006,0.8737619534818086,0.1825465243367307,0.2288983082258148,0.281047868782925,0.0985013444461943,0.04635178388908412,False
100007,0.2289960089452818,0.1308928455020958,0.1790899815466004,0.1494604718638093,0.018567626361713524,0.048197136044504624,True
100008,0.8062418738495909,0.1553615174561939,0.1979362583805025,0.2543130560859588,0.09895153862976488,0.0425747409243086,False
100009,0.6601391083490844,0.1700469810216203,0.2286679889728413,0.179855197966761,0.009808216945140696,0.058621007951220994,True
100010,0.3657680375530181,0.1563190370546131,0.1968888471065776,0.2781225731446263,0.12180353609001318,0.0405698100519645,False
100011,0.335734328085826,0.089141386788194,0.1110766228004867,0.0858503490022155,-0.003291037785978501,0.021935236012292705,True
100012,0.3923220375696787,0.2131039733534815,0.2899658110917173,0.2783814258308629,0.0652774524773814,0.07686183773823582,True
100013,0.1660402407125339,0.0330804206587576,0.0335964102282604,0.0866541918555078,0.05357377119675019,0.0005159895695027936,False
100014,0.4271643180003009,0.083015674482604,0.1023119737890749,0.1796789024586036,0.0966632279759996,0.019296299306470907,False
100015,0.0643854288056136,0.0599571204606822,0.0833430773641939,0.0615447942791199,0.0015876738184376973,0.023385956903511695,True
100016,0.4071650229883021,0.3406230591289288,0.4673416837445636,0.3964020808153755,0.05577902168644666,0.12671862461563477,True
100017,0.3116204018492063,0.1134847994693553,0.1482423128268947,0.170398241583146,0.05691344211379071,0.034757513357539405,False
100018,0.9454927829709754,0.2195069260423967,0.2938660920090236,0.3035282557387521,0.0840213296963554,0.0743591659666269,False
100019,0.5640808402962245,0.0991878819419632,0.1201629702590747,0.1622896372649866,0.06310175532302341,0.020975088317111507,False
100020,0.970797125439222,0.1324097083451819,0.1777091158354496,0.151342341141245,0.01893263279606311,0.0452994074902677,True
100021,0.984337840958732,0.1113839601495427,0.1368690839159204,0.1298305292830048,0.018446569133462085,0.025485123766377696,True
100022,0.289603455799798,0.1505389648518718,0.1923194241340463,0.2067098923679152,0.05617092751604341,0.0417804592821745,False
100023,0.4497174103163716,0.0526049662698579,0.0672195124211061,0.0717670005961089,0.019162034326250993,0.0146145461512482,False
100024,0.4518401601118228,0.1593567479526824,0.2059646511223277,0.2581004692392147,0.0987437212865323,0.046607903169645304,False
100025,0.6572303151351303,0.1915816159098583,0.2542140382038013,0.2273781976722506,0.03579658176239228,0.06263242229394297,True
100026,0.5446505226150772,0.1016947017082148,0.124158765082098,0.1686015025008398,0.066906800792625,0.022464063373883195,False
100027,0.3663623540527943,0.1014778714001335,0.1212183698994613,0.1339019897560332,0.0324241183558997,0.019740498499327797,False
100028,0.4780277968696324,0.1626723295918213,0.221585093342894,0.2321732840849327,0.06950095449311142,0.05891276375107271,False
100029,0.5155696035755715,0.122497672018226,0.1667707446833393,0.1801504114291368,0.057652739410910786,0.044273072665113294,False
100030,1.3655728409158183,0.1067535587147453,0.139415628336468,0.1576998553183108,0.05094629660356549,0.0326620696217227,False
100031,0.2082115813512549,0.1497090499371732,0.193758304699513,0.2149287379152025,0.0652196879780293,0.044049254762339785,False
100032,0.5173858454002654,0.072989324770317,0.0818532127302785,0.1085964750010016,0.0356071502306846,0.0088638879599615,False
100033,0.2571293280119716,0.1151930776255269,0.1426422255836418,0.1709408684158275,0.05574779079030061,0.027449147958114914,False
100034,0.3889899048438474,0.0317182033347011,0.0369276351282797,0.0711293151313888,0.0394111117966877,0.005209431793578599,False
100035,0.3617749802187941,0.1171231753826562,0.1492906342780907,0.1747741985372666,0.05765102315461042,0.0321674588954345,False
100036,0.6183498455036242,0.2940911812419685,0.4008484254885371,0.3719346180545548,0.07784343681258632,0.10675724424656863,True
100037,0.4458846073766435,0.2167151911248616,0.2910911018756639,0.2758327814716427,0.0591175903467811,0.0743759107508023,True
100038,0.7744873580280068,0.1457352463656581,0.1992847169725463,0.1753029476960689,0.02956770133041081,0.053549470606888194,True
100039,0.8756917935613757,0.1506598353333466,0.1981287869933001,0.2493900683612774,0.0987302330279308,0.04746895165995352,False
100040,0.3686203161204649,0.304796581752648,0.4226154447808947,0.3310205137179078,0.026223931965259795,0.11781886302824668,True
100041,0.8269756258822367,0.1175831894306333,0.1542645833250577,0.1712649245394024,0.0536817351087691,0.036681393894424416,False
100042,0.8987575605599354,0.2021573138494763,0.2707575284077569,0.2773567824655362,0.07519946861605989,0.06860021455828061,False
100043,0.4110277569528822,0.1049506569719828,0.1322425008786844,0.166994571937263,0.062043914965280195,0.027291843906701585,False
100044,0.1591168454348641,0.1112229070234509,0.1524828796013277,0.122785881523481,0.01156297450003009,0.041259972577876794,True
100045,0.4263998227598448,0.1541323935319055,0.2083006388923537,0.2561301919171595,0.10199779838525402,0.0541682453604482,False
100046,0.8895852383117743,0.3000218452607148,0.4117374742917914,0.3187464526103619,0.018724607349647093,0.11171562903107662,True
100047,0.148537257526927,0.0834275069294864,0.1083394279759907,0.1065130513321109,0.023085544402624503,0.02491192104650429,True
100048,0.638072878525773,0.158359137316465,0.2040237017165573,0.2333771787657167,0.0750180414492517,0.04566456440009228,False
100049,0.3637311468230257,0.1208487918655527,0.1576073243588243,0.1994406103175448,0.07859181845199209,0.0367585324932716,False
100050,0.9401570492448288,0.0464567173447831,0.0518685406648668,0.1102959138469973,0.0638391965022142,0.005411823320083699,False
100051,1.0717074159474038,0.029658772258059,0.0334071017086728,0.1011841364483414,0.0715253641902824,0.0037483294506138014,False
100052,1.6247449849577345,0.0770910429192626,0.1027653880494112,0.1546106614858594,0.0775196185665968,0.0256743451301486,False
100053,1.5232245647269893,0.197895686737753,0.2688669650901131,0.2218233624573337,0.023927675719580682,0.07097127835236008,True
100054,1.4190304732585717,0.2528678190943783,0.3375210468516936,0.2726584412975305,0.019790622203152197,0.08465322775731532,True
100055,0.7385249096155712,0.0167258303468321,0.0186997030798279,0.0436402137221051,0.026914383375273004,0.001973872732995801,False
100056,2.8886383440421106,0.3411087157291869,0.4731200411045743,0.3437781326231672,0.0026694168939803142,0.1320113253753874,True
100057,0.9644004480896392,0.0635677811038756,0.0777032271556379,0.1369568282004799,0.0733890470966043,0.014135446051762299,False
100058,1.521741340883885,0.2387310595370982,0.318882903829094,0.3667027215574922,0.12797166202039398,0.08015184429199582,False
100059,1.5936871278580842,0.0219080000621295,0.0220139459979544,0.074092811637614,0.0521848115754845,0.00010594593582489986,False
100060,0.9590689191092948,0.0105600970100554,0.0111340268357057,0.0377884685901192,0.027228371580063804,0.0005739298256503007,False
100061,1.4137567859586289,0.1245449628547848,0.1679208489179447,0.1473308055193225,0.022785842664537717,0.04337588606315991,True
100062,1.1439242011774349,0.3091650101539585,0.4189927191641796,0.4022069779255969,0.09304196777163842,0.1098277090102211,True
100063,1.1259090755446648,0.1488460426652324,0.1942587026123257,0.2545393153098255,0.10569327264459308,0.04541265994709329,False
100064,1.073855274623158,0.1844775026924345,0.252340712983101,0.1919221569056303,0.007444654213195817,0.06786321029066653,True
100065,0.7994043670111379,0.0613174084801397,0.0805756627514847,0.0741898830985144,0.0128724746183747,0.019258254271344998,True
100066,1.9763803613139688,0.1327662428787447,0.1816418859809865,0.183462689189476,0.05069644631073131,0.048875643102241795,False
100067,1.03920445349236,0.2150149388488937,0.2892793996043854,0.2869576700244049,0.07194273117551123,0.07426446075549173,True
100068,1.0505705063908006,0.1687835294510017,0.2192494818317839,0.2422683091839409,0.07348477973293921,0.05046595238078219,False
100069,1.5674835822495303,0.1935397754713018,0.2593970920694095,0.2405061743371722,0.046966398865870396,0.06585731659810767,True
100070,1.95652664028803,0.2759535838222876,0.3756820885284526,0.3455236359838394,0.06957005216155182,0.09972850470616501,True
100071,1.4218815616789229,0.0868167824100922,0.1080821891781331,0.1982457601296508,0.1114289777195586,0.021265406768040895,False
100072,1.1973164670102097,0.17535166160159,0.2349997090402867,0.2377810453740131,0.0624293837724231,0.0596480474386967,False
100073,1.0222642660689385,0.2463637772769759,0.3335357551542286,0.2926196115574779,0.046255834280502006,0.08717197787725273,True
100074,1.2152389942060695,0.2201695128882428,0.3030252910432045,0.2181403300942693,-0.0020291827939734886,0.08285577815496173,True
100075,1.1125049214194251,0.239544392948424,0.320580599478227,0.2744878793155543,0.034943486367130294,0.08103620652980298,True
100076,0.9355320085421496,0.3539459875324289,0.4716249476855906,0.4927900186743854,0.13884403114195648,0.1176789601531617,False
100077,1.427406982387764,0.1564740444383389,0.2026371528847817,0.2228251508635431,0.0663511064252042,0.04616310844644281,False
100078,0.9495733633076496,0.1007026292102775,0.1346546732066963,0.1222545755171164,0.02155194630683889,0.033952043996418796,True
100079,1.00431232462138,0.1350123436227109,0.177068378406367,0.2178163616314463,0.08280401800873541,0.042056034783656104,False
100080,1.1518722347429735,0.0489655568862958,0.0475003310714758,0.1462087123369914,0.09724315545069559,-0.0014652258148200037,False
100081,0.8143618633438813,0.0697689957448471,0.0912091135751127,0.0987839160145925,0.029014920269745392,0.0214401178302656,False
100082,1.1159338905709846,0.2972544066748704,0.4107524831739011,0.3318717355050565,0.03461732883018609,0.11349807649903071,True
100083,0.4793502065218397,0.202046894775436,0.2573425035424485,0.2593178819862602,0.057270987210824215,0.05529560876701248,False
100084,0.7936047071192733,0.2460146962265405,0.3385343600673796,0.2680675123464345,0.022052816119893986,0.09251966384083907,True
100085,1.073670943743007,0.1130158342076139,0.1512160517833848,0.1472211085634787,0.034205274355864804,0.0382002175757709,True
100086,1.5791026600267166,0.1945005997285982,0.2618037636759975,0.2331470566462418,0.038646456917643596,0.0673031639473993,True
100087,0.7025182246272819,0.1045922433805339,0.1152964569556712,0.2229011958045748,0.1183089524240409,0.010704213575137303,False
100088,1.1791388148286526,0.0905214945818168,0.0899076167055031,0.1307205639089457,0.04019906932712891,-0.0006138778763137009,False
100089,0.2541494630201771,0.0088867782891494,0.0060357215356935,0.0075545369496863,-0.0013322413394631005,-0.0028510567534559004,True
100090,0.7628914544816842,0.2463256283027063,0.320033510579799,0.3428685917558567,0.09654296345315042,0.07370788227709271,False
100091,0.6314498747247652,0.0748283794186896,0.0850136144451452,0.1369638221690603,0.06213544275037071,0.010185235026455602,False
100092,1.0578368658440829,0.1041730884621448,0.1375630383382775,0.1556511977750867,0.0514781093129419,0.03338994987613268,False
100093,1.2810924224659306,0.081277938285934,0.0914507745247358,0.140666441099701,0.059388502813766994,0.010172836238801788,False
100094,1.8421390623436664,0.2627856638647552,0.3572094806829844,0.33543011642787,0.0726444525631148,0.0944238168182292,True
100095,0.8399536427469279,0.1702997871993695,0.2272665817953152,0.2077170302258415,0.03741724302647201,0.0569667945959457,True
100096,0.410928972208178,0.2963808569440548,0.4076815796220194,0.3609889153877583,0.06460805844370349,0.11130072267796459,True
100097,0.8019690877788963,0.0955467597986307,0.1282982847040726,0.095844595642743,0.0002978358441123041,0.03275152490544189,True
100098,0.6621491713628744,0.1973888565236112,0.2659194920951472,0.25902267660539,0.06163382008177881,0.06853063557153599,True
100099,0.7195678553850446,0.1589675706049396,0.2152336966379831,0.1761123059421857,0.017144735337246086,0.05626612603304351,True
100100,1.6031092858371832,0.2298223332643571,0.3038803073212648,0.348652074006117,0.11882974074175987,0.0740579740569077,False
100101,1.1627921963652657,0.1588238095554781,0.2141121273547452,0.1977798667494394,0.03895605719396131,0.0552883177992671,True
100102,1.5310647548167824,0.1091875115510185,0.1449483139221895,0.1467788743820003,0.0375913628309818,0.03576080237117099,False
100103,1.1203688046929727,0.1135171493896758,0.1555724341400804,0.1387249828978121,0.025207833508136296,0.0420552847504046,True
100104,1.6476694982840976,0.1233226315075697,0.1664338461769562,0.155798262002214,0.0324756304946443,0.0431112146693865,True
100105,0.8984358692273244,0.0827303510282237,0.1026884875090622,0.0952555663903619,0.0125252153621382,0.01995813648083851,True
100106,1.419532882269224,0.1545931601454231,0.1938790793793828,0.2221199764094968,0.0675268162640737,0.039285919233959715,False
100107,0.6906919224689411,0.1574607581444884,0.2160033850593376,0.2037233243029169,0.0462625661584285,0.05854262691484921,True
100108,1.2770236148046386,0.1209922267305191,0.1663388642814175,0.1315387096443376,0.010546482913818489,0.045346637550898405,True
100109,1.1295645223749755,0.073740354513568,0.0961737321169701,0.0941649699633304,0.0204246154497624,0.022433377603402097,True
100110,1.0872295944050576,0.1153810687762661,0.147443752530487,0.1531538188787038,0.037772750102437705,0.0320626837542209,False
100111,0.8051188398483232,0.0672274491248393,0.0851624873310406,0.09670596939754,0.029478520272700703,0.017935038206201306,False
100112,1.3404817778590783,0.1646361049162766,0.219280948071608,0.425472691174819,0.26083658625854245,0.05464484315533141,False
100113,1.0369772755552704,0.1911518559970403,0.2565199095278245,0.2450435675601923,0.053891711563152006,0.0653680535307842,True
100114,0.8930114675261689,0.089032590054054,0.11397716612599,0.1401946073949336,0.051162017340879606,0.024944576071935995,False
100115,0.982470660889458,0.1861612759927346,0.2264976513324282,0.3098341467173133,0.12367287072457869,0.040336375339693586,False
100116,1.4566589561641643,0.1324991104556276,0.1623807112564569,0.2177004982485657,0.0852013877929381,0.0298816008008293,False
100117,0.8027507462202839,0.034280584628681,0.0427277017915782,0.2988121453502524,0.2645315607215714,0.0084471171628972,False
100118,1.2940007423933788,0.2509602923470496,0.3470151241961878,0.2687578181150275,0.01779752576797794,0.09605483184913821,True
100119,0.8324908981478896,0.2343105423826433,0.3203446785202263,0.2473306907800121,0.013020148397368814,0.08603413613758301,True
100120,0.8412607887689496,0.1702272174174752,0.202602157265907,0.3226360655475723,0.15240884813009709,0.03237493984843179,False
100121,1.2886385960348987,0.1063647086708946,0.1435151670472715,0.1997602403373618,0.0933955316664672,0.037150458376376885,False
100122,0.5112260175096768,0.0776439324732524,0.094669791455461,0.1525400008461294,0.074896068372877,0.01702585898220861,False
100123,0.5674960783117713,0.035368114048532,0.0396714907710365,0.0713415827437861,0.035973468695254106,0.004303376722504505,False
100124,0.7960127274573586,0.1272644508042964,0.1680695776467879,0.2374056634630618,0.11014121265876539,0.04080512684249149,False
100125,0.8869680744587896,0.0575181731938681,0.0780044280325856,0.0695450158429669,0.012026842649098805,0.0204862548387175,True
100126,1.2187153002557711,0.2536253767531723,0.3467478599093576,0.3237768520836813,0.07015147533050897,0.09312248315618527,True
100127,0.5972012866687277,0.1334321531394834,0.1790203658092965,0.1585933613627764,0.025161208223293013,0.04558821266981311,True
100128,0.5707928595234129,0.1088862918849019,0.1417617856126611,0.1405470196335941,0.03166072774869219,0.03287549372775919,True
100129,0.372089815971199,0.0439962745610173,0.0541794092040308,0.0991510448645756,0.0551547703035583,0.0101831346430135,False
100130,0.8514901449036876,0.2140175594629461,0.286011813068071,0.2702290453265594,0.0562114858636133,0.0719942536051249,True
100131,0.9482263436677724,0.1715144646311401,0.2225902614789151,0.2920694739770956,0.1205550093459555,0.051075796847775023,False
100132,0.6069919732851337,0.1375556231106237,0.1837610844702383,0.2464195025291155,0.1088638794184918,0.04620546135961462,False
100133,1.2050616987091616,0.0628248540974258,0.0555197810763915,0.1283181484478044,0.0654932943503786,-0.0073050730210343015,False
100134,0.7764741947362332,0.1875704983873975,0.248644590936689,0.2995219053437177,0.11195140695632019,0.0610740925492915,False
100135,0.6943054798431341,0.135229030444986,0.182841638927945,0.1779657282406019,0.0427366977956159,0.04761260848295901,True
100136,0.8351646882013402,0.091684992896011,0.1041387037646056,0.1700226743072366,0.07833768141122562,0.012453710868594606,False
100137,1.1004225924147322,0.2282790040622982,0.3058231023515898,0.3301262699523323,0.1018472658900341,0.07754409828929162,False
100138,0.8741805013354166,0.2913388133389664,0.3836728523652546,0.3155537079700951,0.02421489463112869,0.09233403902628823,True
100139,0.7659878257062305,0.0478070327758178,0.0552879033902804,0.0754893113080904,0.027682278532272606,0.007480870614462599,False
100140,1.1175007438672495,0.180683816073139,0.2380737035601803,0.2631683760394044,0.08248455996626541,0.0573898874870413,False
100141,0.4131828895523731,0.0968218133871708,0.1232065775208146,0.140825757780131,0.04400394439296021,0.026384764133643795,False
100142,0.5335622701416683,0.2240691337114701,0.3083094602047459,0.2655247118192918,0.04145557810782172,0.08424032649327581,True
100143,0.3375870895429603,0.1323841185774281,0.1779347043757604,0.1899316138877798,0.05754749531035169,0.045550585798332294,False
100144,1.1083371817207586,0.200505402214102,0.2397147846468297,0.3988781300954785,0.1983727278813765,0.039209382432727674,False
100145,0.4883104618456143,0.0523100068703119,0.0597291700846894,0.1291532941677777,0.07684328729746581,0.007419163214377501,False
100146,0.5114505303368572,0.0617595743588965,0.085868949381467,0.0981125673592146,0.0363529930003181,0.024109375022570496,False
100147,1.1144545937953814,0.1435491306244226,0.1965619451549683,0.1412266258238794,-0.0023225048005431903,0.05301281453054571,True
100148,0.7527016443365491,0.2852258734634977,0.3711621718089569,0.4255589979385498,0.14033312447505208,0.08593629834545918,False
100149,0.5635898859847355,0.1547867623563905,0.2142543546588861,0.1612735715938127,0.006486809237422203,0.0594675923024956,True
100150,0.2194678324263739,0.0999646571543457,0.1315063338615483,0.1994956538370328,0.0995309966826871,0.03154167670720261,False
100151,0.9350243080437144,0.2180162895689079,0.2837927451464745,0.2734787567544237,0.055462467185515785,0.06577645557756662,True
100152,0.4691966756121178,0.1119003431879207,0.1296966386071978,0.1326175214557803,0.020717178267859584,0.01779629541927709,False
100153,0.5876870720501857,0.169678505953603,0.1992371821298776,0.2554452148210957,0.08576670886749271,0.029558676176274584,False
100154,0.7798546833065958,0.1607193324278642,0.1835931818892079,0.1630806367043584,0.002361304276494197,0.022873849461343687,True
100155,0.7884609432944725,0.1595217906772632,0.2020954677348036,0.1862122750987905,0.0266904844215273,0.04257367705754042,True
100156,1.0808635176523895,0.2305807733503431,0.3041075449298451,0.270886143126712,0.04030536977636889,0.07352677157950199,True
100157,0.6488951337064135,0.1821255737994723,0.2258918992339214,0.2227469300261423,0.040621356226669986,0.04376632543444908,True
100158,0.9139253406067528,0.2234493302347039,0.2898592484106165,0.2326814325548074,0.009232102320103491,0.0664099181759126,True
100159,0.9905419569871232,0.1490693589788699,0.1890463876430786,0.1817906236454898,0.032721264666619926,0.039977028664208714,True
100160,0.5686694278366579,0.0882484774514202,0.0899215365822507,0.1596248872031667,0.0713764097517465,0.0016730591308305037,False
100161,0.7084345707295596,0.0795166995584226,0.0869821879935055,0.1430676101586689,0.0635509106002463,0.0074654884350829065,False
100162,0.7661036857723343,0.1694255021839711,0.1873520891042801,0.2371648259689308,0.0677393237849597,0.017926586920309018,False
100163,0.5342324206336321,0.1634942908820484,0.213637202543666,0.211214908176444,0.04772061729439561,0.050142911661617606,True
100164,1.1238717791737238,0.1826999718651245,0.2199712650751668,0.2618314271927685,0.07913145532764398,0.0372712932100423,False
100165,0.4767921289529753,0.0937927314486231,0.1059738234505258,0.1066410612690426,0.012848329820419502,0.012181092001902705,False
100166,0.7547504118653896,0.2483095173216803,0.3265977783358419,0.2906127113633935,0.042303194041713205,0.07828826101416161,True
100167,0.5429554314320014,0.0713551730959793,0.0848622234870911,0.1091167216518518,0.03776154855587249,0.013507050391111802,False
100168,0.8737686354142662,0.2531540950241343,0.3314068564521516,0.2936702126976829,0.040516117673548624,0.07825276142801735,True
100169,0.2842104460117664,0.0780541042226275,0.099678726840937,0.1353150923770868,0.057260988154459305,0.021624622618309497,False
100170,0.6389026529838394,0.1277585987707928,0.1462868377231447,0.2380427570177743,0.11028415824698151,0.018528238952351922,False
100171,0.7863761667169628,0.1607977291212484,0.1996439214036857,0.201621996679086,0.04082426755783761,0.0388461922824373,False
100172,0.973652614378646,0.2959745131867922,0.3871870036116256,0.321503329060736,0.02552881587394379,0.09121249042483343,True
100173,1.3836574731343751,0.1622276993733454,0.1895870523651616,0.2391915592228657,0.07696385984952028,0.027359352991816188,False
100174,1.5864419837244357,0.2745135149019566,0.3391705137678513,0.321118017916819,0.04660450301486241,0.06465699886589471,True
100175,0.919696429115378,0.1671750184214016,0.2015584020509072,0.1932504542018068,0.02607543578040522,0.034383383629505604,True
100176,1.0250562403566776,0.2184421437523334,0.2636311910823439,0.37151914740922,0.1530770036568866,0.0451890473300105,False
100177,1.5371482874183788,0.2158162854199546,0.2343417524445806,0.3116180493077786,0.09580176388782399,0.018525467024626013,False
100178,1.0758249602042829,0.1779748523052221,0.2147290812344311,0.2177580536198644,0.0397832013146423,0.036754228929209015,False
100179,0.7990068194939065,0.1977115351196454,0.236145207030586,0.2929932640892078,0.09528172896956238,0.0384336719109406,False
100180,0.6860934744630164,0.1306530103994603,0.1554673153374624,0.2505679402177614,0.1199149298183011,0.024814304938002074,False
100181,1.182888697419891,0.2172405579835679,0.2831129983116649,0.2398944688804929,0.022653910896925006,0.06587244032809703,True
100182,1.004814006336901,0.3275372252353337,0.4074967491602597,0.649907226733873,0.32237000149853934,0.079959523924926,False
100183,1.0793043513654823,0.1874872394589017,0.2243851624292768,0.2699326482482501,0.08244540878934839,0.03689792297037511,False
100184,0.4784492376048468,0.2379257109694875,0.3135895518701945,0.2916137336882739,0.05368802271878642,0.07566384090070699,True
100185,0.895980171116887,0.2500105758774547,0.3286435498753551,0.2718207950128383,0.021810219135383613,0.07863297399790042,True
100186,1.1051240114488865,0.2103517251592003,0.2550087313555984,0.3008723255680079,0.0905206004088076,0.044657006196398064,False
100187,1.241048261167551,0.1411405067142867,0.1541653905780578,0.2256235188198508,0.08448301210556408,0.013024883863771097,False
100188,0.6735058325081941,0.2336582664446596,0.2928343706237131,0.3311634805089746,0.097505214064315,0.0591761041790535,False
100189,0.9458160436006744,0.2437822266714238,0.3232287521176803,0.2696442082623737,0.02586198159094988,0.07944652544625652,True
100190,0.8961408638323398,0.2629117019713575,0.3423590886608806,0.3670346997995375,0.10412299782818002,0.07944738668952311,False
100191,0.5258927859035084,0.2027757112652391,0.2634490532977167,0.2325100960013298,0.02973438473609069,0.06067334203247757,True
100192,0.8428227425773827,0.1632971377912085,0.1835788970340857,0.2111781356316434,0.0478809978404349,0.0202817592428772,False
100193,0.6390576294382613,0.116167000025324,0.1332075908778535,0.1601189441976873,0.0439519441723633,0.0170405908525295,False
100194,1.4633855172697898,0.2118769579612926,0.2693176317045367,0.2776394232812272,0.0657624653199346,0.0574406737432441,False
100195,1.018698237419527,0.2023158515908844,0.2535761322092428,0.3054567996353313,0.1031409480444469,0.05126028061835841,False
100196,1.2070772719611564,0.1749167808896219,0.2106571097633287,0.2560084379022322,0.08109165701261031,0.03574032887370679,False
100197,0.4846989565917614,0.1432115263774742,0.179908381436103,0.2084974063506465,0.06528587997317231,0.0366968550586288,False
100198,1.6535482673656277,0.2017817417935947,0.2520902903965432,0.2834356972667619,0.08165395547316717,0.05030854860294848,False
100199,1.0696225643287942,0.110233514409186,0.1209481303744008,0.1680358059556969,0.0578022915465109,0.010714615965214808,False
100200,1.342019986270916,0.2590548760719839,0.3455198879412073,0.3242792027275042,0.0652243266555203,0.0864650118692234,True
100201,1.03455028852426,0.215459072916842,0.2829296314917034,0.3430232809407407,0.1275642080238987,0.06747055857486142,False
100202,0.2080404935532427,0.0674256293929482,0.0782122553406603,0.1027179594463666,0.03529233005341839,0.010786625947712097,False
100203,0.7907767393232834,0.1461269074397501,0.189424996114473,0.2641053505239326,0.11797844308418248,0.0432980886747229,False
100204,0.386043311251522,0.133772591367479,0.1794501749275925,0.1410395377049207,0.00726694633744171,0.045677583560113505,True
100205,0.2975441524595488,0.1591693313477053,0.218954250314326,0.1832688018654404,0.02409947051773509,0.05978491896662069,True
100206,0.721789811822255,0.2369104870265558,0.2979055150986109,0.2853240067221972,0.04841351969564142,0.06099502807205512,True
100207,0.2348127187490474,0.1380304789602439,0.186358699980838,0.1669335006134996,0.0289030216532557,0.048328221020594114,True
100208,0.8370410995541308,0.3495520202077653,0.4778809350068932,0.4234127409802771,0.07386072077251177,0.1283289147991279,True
100209,1.0971699798163717,0.1064879251496855,0.1302836063436525,0.1219787371074496,0.015490811957764097,0.023795681193966994,True
100210,0.3910837152426579,0.1111191822861765,0.1391933118972826,0.1969133341145025,0.08579415182832599,0.0280741296111061,False
100211,0.2702923992645453,0.0636868738406093,0.0855806464926698,0.0740914225718603,0.010404548731251004,0.02189377265206051,True
100212,0.5760180020776913,0.1739215565719583,0.2348459079271405,0.1945570433951128,0.020635486823154497,0.060924351355182205,True
100213,0.6785317468263882,0.2777995324631899,0.3697352926603209,0.447658854773539,0.16985932231034911,0.09193576019713101,False
100214,1.8008715453947657,0.243259459316393,0.3263389424238564,0.3010427458026188,0.0577832864862258,0.08307948310746341,True
100215,0.6620579915708495,0.1345111380187674,0.1834037522633189,0.1419599399539666,0.007448801935199201,0.04889261424455149,True
100216,0.8148300879351501,0.256808205095553,0.3195287943971792,0.4421564324905714,0.18534822739501838,0.06272058930162616,False
100217,0.7587754148127858,0.1931014931589331,0.2580755749460117,0.3416717374177114,0.1485702442587783,0.06497408178707859,False
100218,0.645761438317862,0.1097219659224385,0.1491926933116758,0.119746856895422,0.010024890972983494,0.039470727389237306,True
100219,0.2333184696165114,0.0778822950259126,0.1043964436307963,0.1244322297408692,0.04654993471495661,0.0265141486048837,False
100220,0.6170985021011148,0.3386644748289168,0.4632687355251345,0.5184115489718404,0.17974707414292357,0.12460426069621766,False
100221,0.5582866451676337,0.1269489211923045,0.1590222396581904,0.4537225406350419,0.3267736194427374,0.0320733184658859,False
100222,0.3731372621871512,0.2878760602832844,0.3976038659446286,0.2944616943890417,0.006585634105757299,0.10972780566134421,True
100223,0.7844938056502373,0.2634993483829117,0.3452402069405986,0.3852006639442095,0.12170131556129776,0.08174085855768687,False
100224,1.94631181563077,0.1580107924533755,0.2120714256138772,0.1844577832755967,0.02644699082222121,0.05406063316050172,True
100225,0.9101973603113994,0.1364857893566714,0.1727704719340191,0.2011620353421332,0.06467624598546179,0.03628468257734768,False
100226,0.6611176257742084,0.0726925389478978,0.0633839872624927,0.0792115624896458,0.0065190235417479925,-0.009308551685405106,True
100227,0.9778391134139433,0.0717572262210923,0.0891719057610096,0.1649256140286545,0.09316838780756219,0.017414679539917294,False
100228,0.680807130548591,0.128634047197207,0.1767806038015078,0.16247900949252,0.033844962295313,0.04814655660430081,True
100229,1.099898962696761,0.2172914204626008,0.2921313270930428,0.2813994429204568,0.06410802245785602,0.07483990663044199,True
100230,2.189742297233972,0.2246188256712716,0.3055552404880148,0.4980792745090287,0.2734604488377571,0.08093641481674321,False
100231,0.6205109245259289,0.1939797962828081,0.2437848316654515,0.3074090458676108,0.11342924958480272,0.049805035382643414,False
100232,0.5120908716685655,0.0948614498133676,0.1300953897432603,0.1103478429930849,0.015486393179717298,0.035233939929892696,True
100233,0.6254902443000674,0.3354813616460476,0.4532674608306457,0.6254902443000674,0.2900088826540198,0.11778609918459809,False
100234,1.2238784234686704,0.1315112180523776,0.1807299020477475,0.1730858074737222,0.04157458942134462,0.04921868399536991,True
100235,0.569263169667652,0.1457261284370131,0.1826382794988973,0.2753395175182047,0.12961338908119158,0.036912151061884196,False
100236,0.3556908911969575,0.1213664928043196,0.1614602457624875,0.1843324622032678,0.06296596939894819,0.04009375295816789,False
100237,1.037143127847947,0.1878648691374159,0.2505016645762566,0.2914945799620978,0.10362971082468192,0.06263679543884071,False
100238,0.4856883858438374,0.2293201295738515,0.3046131951986207,0.367930156890607,0.13861002731675548,0.07529306562476917,False
100239,0.6978176141858692,0.276099102540002,0.3687511862942382,0.3528052097917301,0.0767061072517281,0.09265208375423623,True
100240,0.7181537092868202,0.2457620687596405,0.3266782510014346,0.2672765741300036,0.02151450537036312,0.08091618224179412,True
100241,0.4370675183856338,0.143683111986063,0.1758847805409,0.2846166879495778,0.14093357596351477,0.032201668554837,False
100242,0.6378401107197189,0.3539400936980886,0.4701131626416635,0.4125283494477885,0.05858825574969989,0.11617306894357488,True
100243,0.8225737388557665,0.1222853258586714,0.1593077988264583,0.1649201111114389,0.042634785252767496,0.03702247296778689,False
100244,0.4726653722924196,0.0755832738848351,0.105034244056063,0.0772014095941071,0.001618135709271995,0.0294509701712279,True
100245,0.231141107568277,0.0874195554040639,0.1116872593009345,0.0882858856031452,0.0008663301990812916,0.024267703896870593,True
100246,0.8427356843886284,0.1441813104821467,0.1854964777244613,0.1863740241999791,0.0421927137178324,0.0413151672423146,False
100247,0.4603079812543005,0.2549527256750349,0.3446372880435689,0.2861214712748161,0.031168745599781167,0.089684562368534,True
100248,0.3790387418006399,0.2616172100279702,0.3505662175130788,0.2854795605225907,0.023862350494620488,0.08894900748510859,True
100249,0.4530217209024777,0.1602678138435157,0.2073829288329219,0.3630025579851562,0.20273474414164047,0.04711511498940618,False
100250,1.961414301805933,0.2536791956266462,0.3186087314859344,0.5511544978320586,0.2974753022054124,0.06492953585928818,False
100251,0.8348145058071869,0.1699256834558619,0.2075515370767128,0.3367388417273927,0.16681315827153081,0.03762585362085091,False
100252,1.7885822220214254,0.3330398401552803,0.4425446755728978,0.4153211925030895,0.0822813523478092,0.10950483541761746,True
100253,1.1657971941753564,0.2826835631091458,0.3669237527146449,0.4338979580657298,0.151214394956584,0.08424018960549912,False
100254,1.1069164992878413,0.2924270072337193,0.3864186720628429,0.3515560321273905,0.05912902489367122,0.09399166482912363,True
100255,0.8597375117339997,0.0784255635372138,0.0792615377331904,0.1574071378974433,0.07898157436022948,0.0008359741959765993,False
100256,0.8938242357992823,0.2017086994812498,0.2578239691700473,0.2543524307920216,0.05264373131077177,0.05611526968879749,True
100257,0.9617137309247092,0.400126380054986,0.5466919796095577,0.4235927898109077,0.02346640975592168,0.1465655995545717,True
100258,0.5385060783053432,0.2283473603177844,0.29289295799955,0.3400879360616866,0.11174057574390217,0.0645455976817656,False
100259,0.3856608550337177,0.1627565957563148,0.203686526759432,0.259156586866883,0.09639999111056818,0.040929931003117204,False
100260,0.5856949180299676,0.2266872281190627,0.2985257478251366,0.2954117414146279,0.0687245132955652,0.07183851970607388,True
100261,1.5071014563160867,0.240329229754301,0.3200008235395851,0.2894491104907092,0.04911988073640822,0.0796715937852841,True
100262,1.2241798877698296,0.095639874283694,0.1010454784080178,0.1189558337208277,0.0233159594371337,0.005405604124323796,False
100263,1.8837401871214232,0.2688705615421519,0.34832087360332,0.4165096714900571,0.1476391099479052,0.0794503120611681,False
100264,0.8874395476859037,0.101739550632706,0.1108417433495095,0.1975439855184404,0.09580443488573441,0.0091021927168035,False
100265,1.6521372770734757,0.1442294826678523,0.1881184905591937,0.1795364457195227,0.035306963051670415,0.0438890078913414,True
100266,1.5359362000631207,0.2837186021281783,0.3907194604542905,0.2965371710096458,0.012818568881467485,0.10700085832611222,True
100267,1.9996095412061223,0.2110787352164761,0.2808182975003611,0.3213219095810512,0.11024317436457512,0.06973956228388498,False
100268,1.8445211915727768,0.3199246330509221,0.4332281016865247,0.3575678344609222,0.037643201410000104,0.11330346863560259,True
100269,1.6570135932330805,0.1437160766857587,0.1900696804588822,0.1692904966362354,0.025574419950476712,0.0463536037731235,True
100270,2.1910593123806463,0.1135170101809669,0.1443256706943468,0.1569305142158673,0.043413504034900394,0.030808660513379896,False
100271,1.3241240828270953,0.1810824809715321,0.2326551477637033,0.2174310742326783,0.0363485932611462,0.05157266679217121,True
100272,2.16251573893139,0.2011721720181361,0.2106186454950017,0.2668854700466615,0.06571329802852544,0.009446473476865613,False
100273,1.9255870886339923,0.3484821156748153,0.4620597692744276,0.4876673192088066,0.13918520353399133,0.1135776535996123,False
100274,1.473148531656652,0.3029142775420374,0.3914262520612541,0.3964927607090664,0.09357848316702899,0.08851197451921666,False
100275,1.5713092109733189,0.2172688038477823,0.2619294037770183,0.3401325964203469,0.12286379257256458,0.04466059992923599,False
100276,2.0412021207812927,0.322543472072054,0.3941040130349482,0.4271849782767752,0.10464150620472118,0.07156054096289416,False
100277,2.5633648677779446,0.1904605392504002,0.2147903951394194,0.5800080753200176,0.38954753606961745,0.024329855889019175,False
100278,1.5846268817027482,0.2363137406870649,0.285308672541949,0.2958617557142373,0.059548015027172385,0.04899493185488413,False
100279,1.4646483606572716,0.3650322554198925,0.4716267859314035,0.4241115769665728,0.05907932154668033,0.10659453051151102,True
100280,2.029627559573857,0.2556447638197076,0.306762075268691,0.3382360356346784,0.08259127181497083,0.051117311448983405,False
100281,1.1045914749828636,0.180449686101296,0.2361281844446603,0.2726214179358843,0.0921717318345883,0.0556784983433643,False
100282,1.3523248207561862,0.1304561325571316,0.1463152758754843,0.2715505109934999,0.14109437843636832,0.015859143318352698,False
100283,1.17733339599474,0.1468311890289508,0.1919877421045546,0.182929559863398,0.036098370834447224,0.04515655307560382,True
100284,2.4055393907231943,0.121977167628066,0.1643969371293125,0.1724760554919291,0.0504988878638631,0.0424197695012465,False
100285,2.3436796655195096,0.1140001374965288,0.1302457080685481,0.145953106494951,0.03195296899842219,0.016245570572019294,False
100286,0.933801485586469,0.2839811797294014,0.3803921395815599,0.3493902892063734,0.06540910947697198,0.09641095985215847,True
100287,1.3312850861804637,0.1700247719276764,0.2063622940879304,0.2489979925543254,0.078973220626649,0.03633752216025399,False
100288,2.190383238066085,0.1333770986757897,0.1768138621210703,0.248446172668992,0.11506907399320229,0.04343676344528061,False
100289,1.777429651940285,0.2757212432001361,0.3475744756396741,0.4890572936621948,0.21333605046205872,0.071853232439538,False
100290,1.9574508884445845,0.166375900221419,0.2081063493930028,0.1956135812483964,0.029237681026977408,0.041730449171583806,True
100291,1.586974422891276,0.2734705814895233,0.3582164320415101,0.3399277850255848,0.0664572035360615,0.0847458505519868,True
100292,0.6981894505830023,0.2441656054363032,0.3207383704441944,0.4041151326546587,0.1599495272183555,0.0765727650078912,False
100293,1.31263522688464,0.0886533908280137,0.1071754637620864,0.1282002192290103,0.03954682840099659,0.01852207293407271,False
100294,1.0086006383875852,0.1485164816707127,0.1960035684080995,0.1623499997426453,0.013833518071932588,0.047487086737386774,True
100295,1.4760038158608846,0.2189881243519419,0.2710768338585537,0.2577103887904442,0.038722264438502324,0.05208870950661179,True
100296,1.5362411853460685,0.2656469410402021,0.3572031468500428,0.3522336765850523,0.08658673554485019,0.0915562058098407,True
100297,1.3452986078862137,0.2090673726744912,0.2625582179715756,0.2991636056624872,0.09009623298799599,0.053490845297084394,False
100298,2.207304784367974,0.2904143892636892,0.3807280595797534,0.3510816010432674,0.060667211779578234,0.09031367031606424,True
100299,1.265274842215106,0.1439280837291366,0.1820382782460037,0.1814638394178227,0.03753575568868611,0.03811019451686709,True
100300,1.030939297562922,0.183020038676746,0.2247390394032808,0.290403521002092,0.107383482325346,0.04171900072653481,False
