Nonlinearity strength,Measurement noise (mm),LSQ mean quality,Hybrid mean quality,Hybrid - LSQ,Hybrid improvement (%),Hybrid wins (%)
0.0,0.0,0.411378134599112,0.3677509899138744,-0.0436271446852375,10.605119965297195,77.33333333333333
0.0,0.01,0.411481290046596,0.3679695008380486,-0.0435117892085474,10.574427139474594,77.33333333333333
0.0,0.03,0.4110475934920522,0.3681897910227641,-0.042857802469288,10.426481786498217,75.33333333333333
0.5,0.0,0.4143790365637632,0.3604342050273708,-0.0539448315363925,13.018233736853531,86.0
0.5,0.01,0.414306108476076,0.3603719752548591,-0.0539341332212168,13.017943042066284,85.33333333333334
0.5,0.03,0.4143929976181874,0.3605790000455425,-0.0538139975726448,12.9862227117621,84.66666666666667
1.0,0.0,0.422591669676889,0.3598538300407049,-0.0627378396361839,14.845971688025248,95.33333333333334
1.0,0.01,0.4227176033789553,0.359862334865714,-0.0628552685132412,14.869328367404927,95.33333333333334
1.0,0.03,0.4233390731242798,0.3606563367676482,-0.0626827363566316,14.806744837897298,96.0
