rule_name,margin_threshold,uncertainty_threshold,utilization_threshold,n_triggered,trigger_rate_percent,regret_capture_percent,positive_regret_capture_percent,exact_miss_capture_percent,positive_regret_precision_percent,exact_miss_precision_percent,positive_regret_lift,exact_miss_lift,triggered_mean_regret,nontriggered_mean_regret,regret_concentration
margin_only_q0.05,0.0015659170414690571,,,25,5.0,0.1686840412930024,3.0303030303030303,3.0303030303030303,4.0,4.0,0.606060606060606,0.606060606060606,7.846058760268e-05,0.002443941207362887,0.03373680825860048
margin_only_q0.10,0.006742544927672817,,,50,10.0,24.78561866693395,36.36363636363637,36.36363636363637,24.0,24.0,3.6363636363636362,3.6363636363636362,0.005764309977983272,0.0019435957539739445,2.478561866693395
margin_only_q0.15,0.018084364881559973,,,75,15.0,59.04651153773388,60.60606060606061,60.60606060606061,26.666666666666668,26.666666666666668,4.040404040404041,4.040404040404041,0.00915483558418321,0.0011205198102910536,3.9364341025155922
margin_only_q0.20,0.02800373921277925,,,100,20.0,77.79132112034785,75.75757575757575,75.75757575757575,25.0,25.0,3.7878787878787876,3.7878787878787876,0.009045836106821536,0.0006456249437632128,3.8895660560173924
margin_only_q0.25,0.0362095954802231,,,125,25.0,89.67779382625207,87.87878787878788,87.87878787878788,23.200000000000003,23.200000000000003,3.515151515151515,3.515151515151515,0.008342428062057122,0.0003200802144807952,3.5871117530500833
margin_only_q0.30,0.049055214048969994,,,150,30.0,97.36589566123503,93.93939393939394,93.93939393939394,20.666666666666668,20.666666666666668,3.131313131313131,3.131313131313131,0.007548022254589179,8.751499999731829e-05,3.2455298553745013
tree_std_only_q0.70,,0.047584911896298356,,150,30.0,55.81904185119336,45.45454545454545,45.45454545454545,10.0,10.0,1.5151515151515151,1.5151515151515151,0.004327217115000532,0.0014678600598210252,1.8606347283731122
tree_std_only_q0.75,,0.05740543258281412,,125,25.0,48.946548228213054,30.303030303030305,30.303030303030305,8.0,8.0,1.212121212121212,1.212121212121212,0.0045533352244482,0.0015831111603504364,1.9578619291285224
tree_std_only_q0.80,,0.06787304727593713,,100,20.0,47.37754751811581,27.27272727272727,27.27272727272727,9.0,9.0,1.3636363636363635,1.3636363636363635,0.005509220358001148,0.0015297788809683095,2.368877375905791
tree_std_only_q0.85,,0.07606277016589147,,75,15.0,47.37754751811581,27.27272727272727,27.27272727272727,12.0,12.0,1.8181818181818181,1.8181818181818181,0.007345627144001531,0.0014397918879701735,3.1585031678743873
tree_std_only_q0.90,,0.09103730722544369,,50,10.0,28.28933317700873,18.181818181818183,18.181818181818183,12.0,12.0,1.8181818181818181,1.8181818181818181,0.0065791573611302025,0.001853057155846508,2.8289333177008733
tree_std_only_q0.95,,0.12039645358614419,,25,5.0,10.547878204773246,9.090909090909092,9.090909090909092,12.0,12.0,1.8181818181818181,1.8181818181818181,0.0049061708242482205,0.002189851194907859,2.1095756409546493
margin_or_tree_std,0.0015659170414690571,0.047584911896298356,,173,34.599999999999994,55.98772589248638,48.484848484848484,48.484848484848484,9.248554913294797,9.248554913294797,1.40129619898406,1.40129619898406,0.0037632605892494045,0.0015651055236920238,1.6181423668348667
margin_or_tree_std,0.0015659170414690571,0.05740543258281412,,148,29.599999999999998,49.11523226950606,33.33333333333333,33.33333333333333,7.4324324324324325,7.4324324324324325,1.126126126126126,1.126126126126126,0.0038589757955817027,0.0016809805978447343,1.659298387483313
margin_or_tree_std,0.0015659170414690571,0.06787304727593713,,124,24.8,47.54623155940881,30.303030303030305,30.303030303030305,8.064516129032258,8.064516129032258,1.2218963831867056,1.2218963831867056,0.004458738310404692,0.0016222075470671725,1.9171867564277747
margin_or_tree_std,0.0015659170414690571,0.07606277016589147,,99,19.8,47.54623155940882,30.303030303030305,30.303030303030305,10.1010101010101,10.1010101010101,1.5304560759106212,1.5304560759106212,0.005584682328183655,0.0015210724132101168,2.4013248262327687
margin_or_tree_std,0.0015659170414690571,0.09103730722544369,,74,14.799999999999999,28.458017218301734,21.21212121212121,21.21212121212121,9.45945945945946,9.45945945945946,1.4332514332514332,1.4332514332514332,0.004471883550629421,0.0019528502475137594,1.9228390012366037
margin_or_tree_std,0.0015659170414690571,0.12039645358614419,,50,10.0,10.716562246066248,12.121212121212121,12.121212121212121,8.0,8.0,1.212121212121212,1.212121212121212,0.00249231570592545,0.0023071506730914797,1.0716562246066248
margin_or_tree_std,0.006742544927672817,0.047584911896298356,,192,38.4,76.91627298716202,69.6969696969697,69.6969696969697,11.979166666666668,11.979166666666668,1.8150252525252526,1.8150252525252526,0.004658376338940946,0.0008715108152947306,2.003027942374011
margin_or_tree_std,0.006742544927672817,0.05740543258281412,,170,34.0,71.45952028426056,63.63636363636363,63.63636363636363,12.352941176470589,12.352941176470589,1.8716577540106951,1.8716577540106951,0.004887972375429398,0.0010056917708013364,2.101750596595899
margin_or_tree_std,0.006742544927672817,0.06787304727593713,,146,29.2,69.8905195741633,60.60606060606061,60.60606060606061,13.698630136986301,13.698630136986301,2.0755500207555,2.0755500207555,0.005566509839500598,0.0009890484509049468,2.3935109443206617
margin_or_tree_std,0.006742544927672817,0.07606277016589147,,121,24.2,69.89051957416332,60.60606060606061,60.60606060606061,16.528925619834713,16.528925619834713,2.504382669671926,2.504382669671926,0.006716615178240392,0.000923807787916494,2.8880379989323686
margin_or_tree_std,0.006742544927672817,0.09103730722544369,,97,19.400000000000002,50.80230523305623,51.515151515151516,51.515151515151516,17.525773195876287,17.525773195876287,2.6554201811933766,2.6554201811933766,0.006090167719829718,0.0014195715120693697,2.6186755274771256
margin_or_tree_std,0.006742544927672817,0.12039645358614419,,74,14.799999999999999,35.33349687170719,45.45454545454545,45.45454545454545,20.27027027027027,20.27027027027027,3.071253071253071,3.071253071253071,0.005552294182504988,0.001765173283291243,2.387398437277513
margin_or_tree_std,0.018084364881559973,0.047584911896298356,,211,42.199999999999996,91.41094586686536,81.81818181818183,81.81818181818183,12.796208530805686,12.796208530805686,1.9388194743644978,1.9388194743644978,0.005037711762178898,0.0003455931016183076,2.1661361579825917
margin_or_tree_std,0.018084364881559973,0.05740543258281412,,190,38.0,89.21532731859853,78.78787878787878,78.78787878787878,13.684210526315791,13.684210526315791,2.0733652312599684,2.0733652312599684,0.005460135746694881,0.00040454127843681073,2.3477717715420665
margin_or_tree_std,0.018084364881559973,0.06787304727593713,,167,33.4,87.64632660850127,75.75757575757575,75.75757575757575,14.97005988023952,14.97005988023952,2.2681908909453816,2.2681908909453816,0.006102879788120461,0.00043138938009405856,2.6241415152245886
margin_or_tree_std,0.018084364881559973,0.07606277016589147,,143,28.599999999999998,87.64632660850127,75.75757575757575,75.75757575757575,17.482517482517483,17.482517482517483,2.6488662852299214,2.6488662852299214,0.007127139332979839,0.00040238841336504624,3.0645568744231215
margin_or_tree_std,0.018084364881559973,0.09103730722544369,,121,24.2,81.69394143852018,72.72727272727273,72.72727272727273,19.834710743801654,19.834710743801654,3.005259203606311,3.005259203606311,0.007850947029432141,0.0005616596243434024,3.3757827040710824
margin_or_tree_std,0.018084364881559973,0.12039645358614419,,98,19.6,66.22513307717115,66.66666666666666,66.66666666666666,22.448979591836736,22.448979591836736,3.401360544217687,3.401360544217687,0.007858041747379342,0.0009769788481200573,3.3788333202638343
margin_or_tree_std,0.02800373921277925,0.047584911896298356,,224,44.800000000000004,92.5242441946516,84.84848484848484,84.84848484848484,12.5,12.5,1.8939393939393938,1.8939393939393938,0.004803138342464174,0.00031496594012849096,2.0652733079163306
margin_or_tree_std,0.02800373921277925,0.05740543258281412,,204,40.8,90.32862564638476,81.81818181818183,81.81818181818183,13.23529411764706,13.23529411764706,2.0053475935828877,2.0053475935828877,0.005148880386099289,0.00037993915345670235,2.213936903097666
margin_or_tree_std,0.02800373921277925,0.06787304727593713,,184,36.8,90.32862564638474,81.81818181818183,81.81818181818183,14.673913043478262,14.673913043478262,2.2233201581027666,2.2233201581027666,0.005708541297631819,0.0003558923715923541,2.4545822186517596
margin_or_tree_std,0.02800373921277925,0.07606277016589147,,163,32.6,90.32862564638476,81.81818181818183,81.81818181818183,16.56441717791411,16.56441717791411,2.5097601784718346,2.5097601784718346,0.006443997538431011,0.0003337151021459463,2.7708167376191644
margin_or_tree_std,0.02800373921277925,0.09103730722544369,,144,28.799999999999997,90.32862564638476,81.81818181818183,81.81818181818183,18.75,18.75,2.840909090909091,2.840909090909091,0.007294247213640658,0.0003159044646718649,3.1364106127216935
margin_or_tree_std,0.02800373921277925,0.12039645358614419,,122,24.4,84.79130626456711,78.78787878787878,78.78787878787878,21.311475409836063,21.311475409836063,3.2290114257327365,3.2290114257327365,0.00808181794350218,0.0004678619023284986,3.4750535354330783
margin_or_tree_std,0.0362095954802231,0.047584911896298356,,242,48.4,97.41073175633659,93.93939393939394,93.93939393939394,12.8099173553719,12.8099173553719,1.9408965689957423,1.9408965689957423,0.004680680608933262,0.00011670108847127598,2.012618424717698
margin_or_tree_std,0.0362095954802231,0.05740543258281412,,222,44.4,95.21511320806972,90.9090909090909,90.9090909090909,13.513513513513514,13.513513513513514,2.0475020475020473,2.0475020475020473,0.004987357285649229,0.00020014485889679714,2.144484531713282
margin_or_tree_std,0.0362095954802231,0.06787304727593713,,204,40.8,95.21511320806974,90.9090909090909,90.9090909090909,14.705882352941178,14.705882352941178,2.228163992869875,2.228163992869875,0.0054274182226182795,0.00018797388774766758,2.3337037550997484
margin_or_tree_std,0.0362095954802231,0.07606277016589147,,183,36.6,95.21511320806974,90.9090909090909,90.9090909090909,16.39344262295082,16.39344262295082,2.483854942871336,2.483854942871336,0.006050236707181033,0.00017552135890633945,2.601505825357097
margin_or_tree_std,0.0362095954802231,0.09103730722544369,,164,32.800000000000004,95.21511320806974,90.9090909090909,90.9090909090909,18.29268292682927,18.29268292682927,2.7716186252771617,2.7716186252771617,0.006751178764720299,0.00016559604396818335,2.9028997929289555
margin_or_tree_std,0.0362095954802231,0.12039645358614419,,144,28.799999999999997,89.6777938262521,87.87878787878788,87.87878787878788,20.13888888888889,20.13888888888889,3.051346801346801,3.051346801346801,0.007241691026091253,0.0003371631472761185,3.1138122856337533
margin_or_tree_std,0.049055214048969994,0.047584911896298356,,257,51.4,99.56151420950192,96.96969696969697,96.96969696969697,12.45136186770428,12.45136186770428,1.8865699799551938,1.8865699799551938,0.004504804389634622,2.09829631742428e-05,1.9369944398735786
margin_or_tree_std,0.049055214048969994,0.05740543258281412,,237,47.4,97.36589566123506,93.93939393939394,93.93939393939394,13.080168776371309,13.080168776371309,1.9818437539956528,1.9818437539956528,0.004777229275056444,0.00011646482889376958,2.05413281985728
margin_or_tree_std,0.049055214048969994,0.06787304727593713,,222,44.4,97.36589566123509,93.93939393939394,93.93939393939394,13.963963963963963,13.963963963963963,2.1157521157521155,2.1157521157521155,0.0051000150368845825,0.0001101807553923072,2.192925577955745
margin_or_tree_std,0.049055214048969994,0.07606277016589147,,202,40.400000000000006,97.36589566123509,93.93939393939394,93.93939393939394,15.346534653465346,15.346534653465346,2.3252325232523248,2.3252325232523248,0.0056049670207345414,0.0001027860738223537,2.410046922307799
margin_or_tree_std,0.049055214048969994,0.09103730722544369,,185,37.0,97.36589566123509,93.93939393939394,93.93939393939394,16.756756756756758,16.756756756756758,2.538902538902539,2.538902538902539,0.0061200180442614995,9.723888888590921e-05,2.631510693546894
margin_or_tree_std,0.049055214048969994,0.12039645358614419,,166,33.2,97.36589566123506,93.93939393939394,93.93939393939394,18.67469879518072,18.67469879518072,2.829499817451624,2.829499817451624,0.00682050203727938,9.170733532653114e-05,2.93270770063961
margin_or_tree_std_or_utilization,0.006742544927672817,0.06787304727593713,0.2512163072405328,216,43.2,75.48577971142058,69.6969696969697,69.6969696969697,10.648148148148149,10.648148148148149,1.6133557800224467,1.6133557800224467,0.00406376852217397,0.0010037309415417651,1.7473560118384395
margin_or_tree_std_or_utilization,0.006742544927672817,0.06787304727593713,0.2512163072405328,216,43.2,75.48577971142058,69.6969696969697,69.6969696969697,10.648148148148149,10.648148148148149,1.6133557800224467,1.6133557800224467,0.00406376852217397,0.0010037309415417651,1.7473560118384395
margin_or_tree_std_or_utilization,0.006742544927672817,0.06787304727593713,0.2512163072405328,216,43.2,75.48577971142058,69.6969696969697,69.6969696969697,10.648148148148149,10.648148148148149,1.6133557800224467,1.6133557800224467,0.00406376852217397,0.0010037309415417651,1.7473560118384395
margin_or_tree_std_or_utilization,0.006742544927672817,0.06787304727593713,0.2829604804452713,157,31.4,69.8905195741633,60.60606060606061,60.60606060606061,12.738853503184714,12.738853503184714,1.9301293186643504,1.9301293186643504,0.005176499595968709,0.0010207672058902368,2.225812725291825
margin_or_tree_std_or_utilization,0.006742544927672817,0.07606277016589147,0.2512163072405328,201,40.2,75.48577971142056,69.6969696969697,69.6969696969697,11.442786069651742,11.442786069651742,1.7337554650987486,1.7337554650987486,0.004367034829798892,0.0009533765464811415,1.8777557142144419
margin_or_tree_std_or_utilization,0.006742544927672817,0.07606277016589147,0.2512163072405328,201,40.2,75.48577971142056,69.6969696969697,69.6969696969697,11.442786069651742,11.442786069651742,1.7337554650987486,1.7337554650987486,0.004367034829798892,0.0009533765464811415,1.8777557142144419
margin_or_tree_std_or_utilization,0.006742544927672817,0.07606277016589147,0.2512163072405328,201,40.2,75.48577971142056,69.6969696969697,69.6969696969697,11.442786069651742,11.442786069651742,1.7337554650987486,1.7337554650987486,0.004367034829798892,0.0009533765464811415,1.8777557142144419
margin_or_tree_std_or_utilization,0.006742544927672817,0.07606277016589147,0.2829604804452713,136,27.200000000000003,69.89051957416332,60.60606060606061,60.60606060606061,14.705882352941178,14.705882352941178,2.228163992869875,2.228163992869875,0.005975812033581525,0.0009618767901658,2.569504396108946
margin_or_tree_std_or_utilization,0.006742544927672817,0.09103730722544369,0.2512163072405328,184,36.8,64.08838815168772,63.63636363636363,63.63636363636363,11.41304347826087,11.41304347826087,1.7292490118577073,1.7292490118577073,0.004050224475846541,0.0013214945716192245,1.7415322867306446
margin_or_tree_std_or_utilization,0.006742544927672817,0.09103730722544369,0.2512163072405328,184,36.8,64.08838815168772,63.63636363636363,63.63636363636363,11.41304347826087,11.41304347826087,1.7292490118577073,1.7292490118577073,0.004050224475846541,0.0013214945716192245,1.7415322867306446
margin_or_tree_std_or_utilization,0.006742544927672817,0.09103730722544369,0.2512163072405328,184,36.8,64.08838815168772,63.63636363636363,63.63636363636363,11.41304347826087,11.41304347826087,1.7292490118577073,1.7292490118577073,0.004050224475846541,0.0013214945716192245,1.7415322867306446
margin_or_tree_std_or_utilization,0.006742544927672817,0.09103730722544369,0.2829604804452713,117,23.400000000000002,58.493128014430475,54.54545454545454,54.54545454545454,15.384615384615385,15.384615384615385,2.3310023310023307,2.3310023310023307,0.005813484951566443,0.0012601980387837203,2.4997063254030123
margin_or_tree_std_or_utilization,0.018084364881559973,0.06787304727593713,0.2512163072405328,233,46.6,91.13449926107522,81.81818181818183,81.81818181818183,11.587982832618025,11.587982832618025,1.7557549746390946,1.7557549746390946,0.004548251364095346,0.00038610869046150863,1.955675949808481
margin_or_tree_std_or_utilization,0.018084364881559973,0.06787304727593713,0.2512163072405328,233,46.6,91.13449926107522,81.81818181818183,81.81818181818183,11.587982832618025,11.587982832618025,1.7557549746390946,1.7557549746390946,0.004548251364095346,0.00038610869046150863,1.955675949808481
margin_or_tree_std_or_utilization,0.018084364881559973,0.06787304727593713,0.2512163072405328,233,46.6,91.13449926107522,81.81818181818183,81.81818181818183,11.587982832618025,11.587982832618025,1.7557549746390946,1.7557549746390946,0.004548251364095346,0.00038610869046150863,1.955675949808481
margin_or_tree_std_or_utilization,0.018084364881559973,0.06787304727593713,0.2829604804452713,178,35.6,87.64632660850127,75.75757575757575,75.75757575757575,14.04494382022472,14.04494382022472,2.1280217909431394,2.1280217909431394,0.005725735531551219,0.00044612628438298605,2.4619754665309346
margin_or_tree_std_or_utilization,0.018084364881559973,0.07606277016589147,0.2512163072405328,218,43.6,91.13449926107523,81.81818181818183,81.81818181818183,12.385321100917432,12.385321100917432,1.8765638031693077,1.8765638031693077,0.0048612044396064945,0.00036557099416036456,2.090240808740258
margin_or_tree_std_or_utilization,0.018084364881559973,0.07606277016589147,0.2512163072405328,218,43.6,91.13449926107523,81.81818181818183,81.81818181818183,12.385321100917432,12.385321100917432,1.8765638031693077,1.8765638031693077,0.0048612044396064945,0.00036557099416036456,2.090240808740258
margin_or_tree_std_or_utilization,0.018084364881559973,0.07606277016589147,0.2512163072405328,218,43.6,91.13449926107523,81.81818181818183,81.81818181818183,12.385321100917432,12.385321100917432,1.8765638031693077,1.8765638031693077,0.0048612044396064945,0.00036557099416036456,2.090240808740258
margin_or_tree_std_or_utilization,0.018084364881559973,0.07606277016589147,0.2829604804452713,158,31.6,87.64632660850127,75.75757575757575,75.75757575757575,15.822784810126583,15.822784810126583,2.397391637897967,2.397391637897967,0.006450512181114664,0.0004200370279863202,2.7736179306487743
margin_or_tree_std_or_utilization,0.018084364881559973,0.09103730722544369,0.2512163072405328,202,40.400000000000006,85.18211409109415,78.78787878787878,78.78787878787878,12.871287128712872,12.871287128712872,1.9501950195019502,1.9501950195019502,0.004903595216729643,0.0005782125986847343,2.1084681705716375
margin_or_tree_std_or_utilization,0.018084364881559973,0.09103730722544369,0.2512163072405328,202,40.400000000000006,85.18211409109415,78.78787878787878,78.78787878787878,12.871287128712872,12.871287128712872,1.9501950195019502,1.9501950195019502,0.004903595216729643,0.0005782125986847343,2.1084681705716375
margin_or_tree_std_or_utilization,0.018084364881559973,0.09103730722544369,0.2512163072405328,202,40.400000000000006,85.18211409109415,78.78787878787878,78.78787878787878,12.871287128712872,12.871287128712872,1.9501950195019502,1.9501950195019502,0.004903595216729643,0.0005782125986847343,2.1084681705716375
margin_or_tree_std_or_utilization,0.018084364881559973,0.09103730722544369,0.2829604804452713,140,28.000000000000004,81.69394143852018,72.72727272727273,72.72727272727273,17.142857142857142,17.142857142857142,2.597402597402597,2.597402597402597,0.006785461361152064,0.0005913027711837487,2.917640765661435
margin_or_tree_std_or_utilization,0.02800373921277925,0.06787304727593713,0.2512163072405328,249,49.8,93.81679829895872,87.87878787878788,87.87878787878788,11.646586345381527,11.646586345381527,1.7646342947547766,1.7646342947547766,0.00438125799992913,0.00028645556257006054,1.8838714517863198
margin_or_tree_std_or_utilization,0.02800373921277925,0.06787304727593713,0.2512163072405328,249,49.8,93.81679829895872,87.87878787878788,87.87878787878788,11.646586345381527,11.646586345381527,1.7646342947547766,1.7646342947547766,0.00438125799992913,0.00028645556257006054,1.8838714517863198
margin_or_tree_std_or_utilization,0.02800373921277925,0.06787304727593713,0.2512163072405328,249,49.8,93.81679829895872,87.87878787878788,87.87878787878788,11.646586345381527,11.646586345381527,1.7646342947547766,1.7646342947547766,0.00438125799992913,0.00028645556257006054,1.8838714517863198
margin_or_tree_std_or_utilization,0.02800373921277925,0.06787304727593713,0.2829604804452713,195,39.0,90.32862564638476,81.81818181818183,81.81818181818183,13.846153846153847,13.846153846153847,2.097902097902098,2.097902097902098,0.005386521019303871,0.00036872783417437347,2.3161186063175583
margin_or_tree_std_or_utilization,0.02800373921277925,0.07606277016589147,0.2512163072405328,235,47.0,93.81679829895872,87.87878787878788,87.87878787878788,12.340425531914894,12.340425531914894,1.8697614442295292,1.8697614442295292,0.004642269114818525,0.00027132206115126493,1.996102091467207
margin_or_tree_std_or_utilization,0.02800373921277925,0.07606277016589147,0.2512163072405328,235,47.0,93.81679829895872,87.87878787878788,87.87878787878788,12.340425531914894,12.340425531914894,1.8697614442295292,1.8697614442295292,0.004642269114818525,0.00027132206115126493,1.996102091467207
margin_or_tree_std_or_utilization,0.02800373921277925,0.07606277016589147,0.2512163072405328,235,47.0,93.81679829895872,87.87878787878788,87.87878787878788,12.340425531914894,12.340425531914894,1.8697614442295292,1.8697614442295292,0.004642269114818525,0.00027132206115126493,1.996102091467207
margin_or_tree_std_or_utilization,0.02800373921277925,0.07606277016589147,0.2829604804452713,178,35.6,90.32862564638476,81.81818181818183,81.81818181818183,15.168539325842698,15.168539325842698,2.29826353421859,2.29826353421859,0.005900964038001432,0.00034926083671796244,2.537320945123168
margin_or_tree_std_or_utilization,0.02800373921277925,0.09103730722544369,0.2512163072405328,222,44.4,93.81679829895872,87.87878787878788,87.87878787878788,13.063063063063062,13.063063063063062,1.979251979251979,1.979251979251979,0.004914113702623213,0.000258634338867213,2.1129909526792505
margin_or_tree_std_or_utilization,0.02800373921277925,0.09103730722544369,0.2512163072405328,222,44.4,93.81679829895872,87.87878787878788,87.87878787878788,13.063063063063062,13.063063063063062,1.979251979251979,1.979251979251979,0.004914113702623213,0.000258634338867213,2.1129909526792505
margin_or_tree_std_or_utilization,0.02800373921277925,0.09103730722544369,0.2512163072405328,222,44.4,93.81679829895872,87.87878787878788,87.87878787878788,13.063063063063062,13.063063063063062,1.979251979251979,1.979251979251979,0.004914113702623213,0.000258634338867213,2.1129909526792505
margin_or_tree_std_or_utilization,0.02800373921277925,0.09103730722544369,0.2829604804452713,163,32.6,90.32862564638476,81.81818181818183,81.81818181818183,16.56441717791411,16.56441717791411,2.5097601784718346,2.5097601784718346,0.006443997538431011,0.0003337151021459463,2.7708167376191644
