assembly_index,method,final_quality,final_mean_gap,final_max_gap,final_parallelism,final_rms
1,COMPOSITE_Q,0.34865096832552384,0.3300516119862321,0.7044949997249691,1.612393085714814e-08,0.38286979974984214
1,COMPOSITE_Q_PLUS_RF,0.3486513564083983,0.33004503752671266,0.7045052120054858,3.1959394886094117e-07,0.38286185670554107
1,COMPOSITE_Q_PLUS_GB,0.3486507304054039,0.33004014570796897,0.7045105140798621,2.4449476443422213e-08,0.38285525134211607
2,COMPOSITE_Q,0.2737408978391329,0.23427013155895124,0.5825365942826328,6.919597440036007e-07,0.28698672498734484
2,COMPOSITE_Q_PLUS_RF,0.27374156735986244,0.2342759354393963,0.5825301327544117,3.188771230400178e-08,0.2869973733540635
2,COMPOSITE_Q_PLUS_GB,0.27374071481740625,0.23425948552130474,0.5825536768999909,8.671855844522014e-09,0.286967634894608
3,COMPOSITE_Q,0.20645751584338082,0.1912889814308897,0.4206559782007308,9.810555928746467e-08,0.22873998522226882
3,COMPOSITE_Q_PLUS_RF,0.2064583034642323,0.19130496161402716,0.4206455026772812,1.0358915880637198e-07,0.22873133100092183
3,COMPOSITE_Q_PLUS_GB,0.20645757922655505,0.19129011866083678,0.4206552579979027,3.1304671743725976e-08,0.22873956837531667
4,COMPOSITE_Q,0.15736049121625026,0.14084251114274085,0.3294121057195768,1.8446097749258428e-07,0.162840508192617
4,COMPOSITE_Q_PLUS_RF,0.1573604003005965,0.14084689622926075,0.32940737764574957,3.7268386265942866e-08,0.16284106957577543
4,COMPOSITE_Q_PLUS_GB,0.15736038581904782,0.1408476346670994,0.329406586959766,3.188378572271944e-08,0.162841097658525
5,COMPOSITE_Q,0.40514884686115993,0.41486626382534714,0.7787839369636101,5.7248964457912166e-08,0.4705376944978343
5,COMPOSITE_Q_PLUS_RF,0.4051483579260076,0.4148664980500063,0.7787817144754186,4.461828839730231e-08,0.47053880782893687
5,COMPOSITE_Q_PLUS_GB,0.405150040619463,0.41486656447839276,0.7787871586533983,4.9206817787084134e-08,0.47053908917880394
6,COMPOSITE_Q,0.365842507906386,0.3707464403589911,0.7094198577024443,4.684390425557794e-08,0.41792604434784086
6,COMPOSITE_Q_PLUS_RF,0.36584258846289874,0.37074643480660907,0.709420105836648,1.0458428351123317e-07,0.41792594894636603
6,COMPOSITE_Q_PLUS_GB,0.36584301391246493,0.3707464363671389,0.7094215865100622,1.5121879137769412e-08,0.41792602512740845
7,COMPOSITE_Q,0.3487353487828742,0.37077700182616186,0.6535223900269312,3.3173301516864484e-07,0.41445431707041724
7,COMPOSITE_Q_PLUS_RF,0.3487353063882501,0.3707769846926179,0.6535225287443687,7.870070017901298e-08,0.4144542874694408
7,COMPOSITE_Q_PLUS_GB,0.34873554515712535,0.3707770321973096,0.6535233010625663,2.4852394864272043e-08,0.4144543772344409
8,COMPOSITE_Q,0.32235500448054594,0.31036202028581594,0.6449543099966846,4.129956243659194e-08,0.357600930059271
8,COMPOSITE_Q_PLUS_RF,0.32235037460795896,0.3109082735312249,0.6442318947061778,7.936994295132394e-08,0.3580830032575523
8,COMPOSITE_Q_PLUS_GB,0.32235040139405957,0.31096198749994775,0.6441616771595292,6.169963095992159e-09,0.35813300145227556
9,COMPOSITE_Q,0.25110381268046117,0.2092907514282978,0.541602916900373,6.743043401424842e-08,0.25835691952729706
9,COMPOSITE_Q_PLUS_RF,0.25110458218700216,0.20928630224026157,0.5416113577679563,3.633493309562752e-07,0.25835175179737513
9,COMPOSITE_Q_PLUS_GB,0.2511044306453345,0.20929036842871793,0.5416042502312001,1.3599967646493738e-06,0.25835637048329707
10,COMPOSITE_Q,0.5300481678369374,0.5400607395182233,1.0236573619736207,1.268372129548112e-07,0.6093269933822036
10,COMPOSITE_Q_PLUS_RF,0.5300489679452703,0.5400665134968858,1.023651604101161,8.218415348260066e-08,0.6093350801061023
10,COMPOSITE_Q_PLUS_GB,0.5300482376615866,0.5400608520104054,1.023657313897374,2.360330910722297e-07,0.6093271707932556
11,COMPOSITE_Q,0.17156626713607973,0.1639636154348228,0.3448903212092398,8.710333632144796e-08,0.18910060011860083
11,COMPOSITE_Q_PLUS_RF,0.1715688468602849,0.16396502648689756,0.34488817976968256,9.068454253358116e-06,0.18910164447034858
11,COMPOSITE_Q_PLUS_GB,0.17156777392332279,0.16396257165694747,0.3448962338833341,8.956108555890907e-07,0.18909863577981628
12,COMPOSITE_Q,0.3702656871597089,0.39537388958487685,0.6914866733793904,1.7923679165865458e-07,0.44207464499391214
12,COMPOSITE_Q_PLUS_RF,0.37027359467830273,0.39537374425190935,0.6915132834427546,4.689301277838176e-08,0.44207472301999656
12,COMPOSITE_Q_PLUS_GB,0.37026615451874806,0.3953739164674515,0.691488338025846,3.1641457731712563e-08,0.4420746867832149
13,COMPOSITE_Q,0.15028203721682815,0.15178576748083245,0.29171560559756315,2.4662110464923614e-08,0.1723161789467632
13,COMPOSITE_Q_PLUS_RF,0.15028221964924784,0.1517858708379026,0.29171594856357613,2.09339906742656e-07,0.1723161102683221
13,COMPOSITE_Q_PLUS_GB,0.15028362767775352,0.151785700533446,0.2917207098962844,2.1732895427728494e-07,0.17231639350148117
14,COMPOSITE_Q,0.13030838583698745,0.11813636619050731,0.26985387731112,2.1811664557835897e-08,0.13911306242999888
14,COMPOSITE_Q_PLUS_RF,0.13030700399063452,0.11822882201419453,0.26979607688434804,4.074681900223531e-08,0.13899522097026043
14,COMPOSITE_Q_PLUS_GB,0.13030719412791827,0.11823496988457534,0.26979285926218055,3.3787527414785856e-08,0.13898835247633304
15,COMPOSITE_Q,0.28754410036893757,0.287844980557405,0.5643095371569589,1.2404217974992804e-07,0.31897707841974554
15,COMPOSITE_Q_PLUS_RF,0.2875450253641859,0.2878462439860753,0.564310587661689,3.6238560363610617e-07,0.3189786715417557
15,COMPOSITE_Q_PLUS_GB,0.2875474333357951,0.28784606221180065,0.564319161137629,6.44436704000384e-09,0.3189786439765605
16,COMPOSITE_Q,0.14941719746990445,0.13959801376521527,0.30500677309541885,2.8518850170300425e-08,0.16035752856059196
16,COMPOSITE_Q_PLUS_RF,0.14941749049584574,0.13959790876607941,0.30500798003738666,1.554051656804667e-08,0.16035719192650963
16,COMPOSITE_Q_PLUS_GB,0.14941770910806698,0.13959801727927224,0.30500845221383793,2.2768978313880694e-08,0.1603576142944044
17,COMPOSITE_Q,0.40877190198960167,0.38151941754747887,0.8290968463625693,7.976210879556689e-07,0.4558678353026087
17,COMPOSITE_Q_PLUS_RF,0.4087720687131848,0.3815290603829479,0.8290840063729952,1.1261313803689887e-07,0.45588114902460447
17,COMPOSITE_Q_PLUS_GB,0.40877193169746373,0.3815244011657967,0.8290904512464996,2.4289050770676113e-08,0.4558746868705967
18,COMPOSITE_Q,0.1531312309318893,0.1400218782873058,0.31585504946769966,1.8221165104526094e-08,0.16368147139038103
18,COMPOSITE_Q_PLUS_RF,0.15317182783314792,0.14001375696826374,0.31600046141752713,3.55408726615547e-08,0.16367551655148868
18,COMPOSITE_Q_PLUS_GB,0.1531346773733536,0.13994960637557494,0.31595788665935504,3.056642830512324e-08,0.16362420292946137
19,COMPOSITE_Q,0.4936255706802791,0.4902671071150401,0.9681451018759324,1.4641256401715097e-07,0.561018640592181
19,COMPOSITE_Q_PLUS_RF,0.49362568105566546,0.4902673569773879,0.968145120725811,1.1190880783162882e-07,0.5610190417206343
19,COMPOSITE_Q_PLUS_GB,0.49362566189484736,0.4902672744466233,0.9681452480589166,4.4581427771639426e-08,0.5610189176875712
20,COMPOSITE_Q,0.1363534095951035,0.12523735709350514,0.28022474788213236,5.531104646516738e-08,0.147147615090983
20,COMPOSITE_Q_PLUS_RF,0.1363536344096254,0.12523645184223783,0.28022689478258217,7.853755978892707e-10,0.14714630186566735
20,COMPOSITE_Q_PLUS_GB,0.1363534465772621,0.12523775240408325,0.28022423626107473,5.2429551422594756e-08,0.14714834248849262
21,COMPOSITE_Q,0.13885402323368362,0.13001634094009845,0.2835114331353065,9.000862555286204e-08,0.14795664008474466
21,COMPOSITE_Q_PLUS_RF,0.1388574754143183,0.13001604020225582,0.28351404553131515,9.563887187952202e-06,0.14795580528090616
21,COMPOSITE_Q_PLUS_GB,0.13885312389682372,0.1300160394491196,0.2835084605223528,5.550420537348e-07,0.14795607392765872
22,COMPOSITE_Q,0.13999965306908435,0.12034299557409618,0.2984230962713724,1.0137639894214345e-07,0.14369795102524088
22,COMPOSITE_Q_PLUS_RF,0.14000000319963274,0.12034332207867236,0.298423644336298,2.865672204532821e-07,0.1436982730497553
22,COMPOSITE_Q_PLUS_GB,0.13999958881961938,0.12034368444753421,0.298422210889136,8.485352975817761e-10,0.14369819964057737
23,COMPOSITE_Q,0.197838122167095,0.19936203174974415,0.3846759519629828,6.8935775254797e-08,0.2262670637254434
23,COMPOSITE_Q_PLUS_RF,0.19783880318419822,0.1993618200714796,0.38467853544003106,7.042321570338572e-08,0.22626675403780339
23,COMPOSITE_Q_PLUS_GB,0.19783832230216897,0.19936205205325483,0.384676596255227,6.11143793349811e-08,0.22626709475310658
24,COMPOSITE_Q,0.6080206929395886,0.6525715144233172,1.1316346208797368,2.5485963339733075e-10,0.7275885227221461
24,COMPOSITE_Q_PLUS_RF,0.6080244381884204,0.6525688531660065,1.1316417366636973,4.588663446214447e-06,0.7275988464047545
24,COMPOSITE_Q_PLUS_GB,0.6080230151472552,0.6525708549135256,1.131635408688536,7.958580114875158e-06,0.7275874849260222
25,COMPOSITE_Q,0.32466134497883387,0.32567636249837056,0.6324235258825013,5.68804407741208e-08,0.37231361400440066
25,COMPOSITE_Q_PLUS_RF,0.3246844227119369,0.32567940480216523,0.6324956191899878,1.1651488421304812e-07,0.37231880559825753
25,COMPOSITE_Q_PLUS_GB,0.32466380114722915,0.32567664604637936,0.6324308580446698,4.585649048816087e-07,0.37231412350442944
26,COMPOSITE_Q,0.2165388768535046,0.20736578319464347,0.4336534521785729,7.458516848579677e-08,0.24233083865989136
26,COMPOSITE_Q_PLUS_RF,0.21653957248849937,0.2073643723920924,0.4336580867190142,9.987368798647367e-08,0.24232804793060972
26,COMPOSITE_Q_PLUS_GB,0.21653890405978096,0.20736577860254624,0.43365352020076253,1.0610126971455358e-07,0.24233082588407429
27,COMPOSITE_Q,0.27129754582257715,0.2593039539396455,0.54537973408938,4.7038523465214865e-06,0.29891028258165525
27,COMPOSITE_Q_PLUS_RF,0.27129941946100056,0.2593045394118064,0.5453897697496702,3.354427535740001e-08,0.2989111664927498
27,COMPOSITE_Q_PLUS_GB,0.2712960120493828,0.2593039585664223,0.54537934620057,7.937056922813213e-08,0.2989099680811438
28,COMPOSITE_Q,0.42382710618316993,0.4619827362874256,0.7785930895564124,4.936366685831528e-07,0.5165421033901799
28,COMPOSITE_Q_PLUS_RF,0.4238294950768384,0.4619840355972202,0.778600271709352,9.400355495403634e-08,0.5165417468380027
28,COMPOSITE_Q_PLUS_GB,0.4238498166171587,0.46198160835146473,0.7786702574721359,1.3692259326347767e-08,0.516542527624007
29,COMPOSITE_Q,0.22013232313341807,0.22723924624137629,0.41998327676988234,9.356688590589357e-09,0.259655634230339
29,COMPOSITE_Q_PLUS_RF,0.22015877744618276,0.22724267848646185,0.4200661596457306,1.7050745759750185e-08,0.25966120891301314
29,COMPOSITE_Q_PLUS_GB,0.22013592727061815,0.22723962520930724,0.41999467375349353,1.3603254966909617e-08,0.25965633500801427
30,COMPOSITE_Q,0.2540727455853957,0.24107606305809312,0.5135120837391038,8.852246113910667e-08,0.2769627498949834
30,COMPOSITE_Q_PLUS_RF,0.25407369629889265,0.24107912235707327,0.5135100303757358,1.082313751399333e-06,0.2769662578492451
30,COMPOSITE_Q_PLUS_GB,0.25407427520634207,0.24108118665173575,0.5135096165271061,5.835935616982368e-07,0.27696859174620975
31,COMPOSITE_Q,0.20489060509903848,0.17642500317185103,0.43422888591643183,3.178891555544183e-08,0.21694428835878946
31,COMPOSITE_Q_PLUS_RF,0.2048913824852535,0.1763878880602623,0.43428686532383365,7.475738108553287e-07,0.21688732197881472
31,COMPOSITE_Q_PLUS_GB,0.2048932505362286,0.1763709196449402,0.4343198589363111,3.194645786797068e-08,0.216860073779158
32,COMPOSITE_Q,0.06718671116997835,0.04831664095576958,0.15546710304459066,8.263500994587503e-12,0.0605158796739123
32,COMPOSITE_Q_PLUS_RF,0.06718691390194215,0.04831636830517021,0.15546832689498857,4.909282408371851e-08,0.06051490614047287
32,COMPOSITE_Q_PLUS_GB,0.06718843320608418,0.04831533336907738,0.1554757425724294,7.312861421970851e-08,0.06051088485047873
33,COMPOSITE_Q,0.17018859475061046,0.16526965674501837,0.3383407426264295,1.0958376192582442e-07,0.19105442064047543
33,COMPOSITE_Q_PLUS_RF,0.1701911533955956,0.16527016693867724,0.3383486051090811,3.469172457637448e-08,0.19105511373750728
33,COMPOSITE_Q_PLUS_GB,0.1701885536587008,0.16526985583388315,0.3383403581496304,7.978840316225089e-08,0.19105465527125784
34,COMPOSITE_Q,0.7594618318045757,0.8061629867968969,1.4259231582758274,1.8443792049183116e-09,0.8983598772944477
34,COMPOSITE_Q_PLUS_RF,0.7594623782768954,0.8061630873552029,1.4259247821857417,7.097464171934575e-08,0.8983599612221955
34,COMPOSITE_Q_PLUS_GB,0.7594637038892931,0.8061581877154107,1.4259360866287965,1.3119971109532003e-08,0.8983541765003964
35,COMPOSITE_Q,0.38943315505311804,0.41570135205575,0.7270643504261409,9.929138733433263e-09,0.4660344132980914
35,COMPOSITE_Q_PLUS_RF,0.38943328275366396,0.41570133362624245,0.727064751735606,7.250552769288987e-08,0.4660343539345107
35,COMPOSITE_Q_PLUS_GB,0.38943471972560484,0.4157013257924095,0.727066089542143,3.542541724813053e-06,0.46603432362721686
36,COMPOSITE_Q,0.6716465457758231,0.7336449693743275,1.2331920244141081,3.4846281415923386e-10,0.8159544753475353
36,COMPOSITE_Q_PLUS_RF,0.6716476678870911,0.7336455829881554,1.233193497950944,1.6709850800822323e-06,0.815954423098373
36,COMPOSITE_Q_PLUS_GB,0.6716478358232375,0.7336449772692923,1.2331952584462873,1.0251040270525813e-06,0.8159545757735545
37,COMPOSITE_Q,0.5281478797377955,0.5092882403653363,1.0545927250959877,1.6869132823948974e-07,0.5898353949199984
37,COMPOSITE_Q_PLUS_RF,0.5281478678760851,0.5092908441544325,1.0545881436840472,7.347491948195284e-08,0.5898414948206544
37,COMPOSITE_Q_PLUS_GB,0.5281478113288843,0.509296811592312,1.0545773766336628,1.6474018593726214e-08,0.5898554991888628
38,COMPOSITE_Q,0.3649475791483282,0.3572582355033179,0.7222272632974858,3.373082091417956e-08,0.41101919388840835
38,COMPOSITE_Q_PLUS_RF,0.3649480735882237,0.35725830247578794,0.7222268687394813,1.8384574042018542e-06,0.4110197068642164
38,COMPOSITE_Q_PLUS_GB,0.36494760770376444,0.3572586089932717,0.7222266470090275,2.2024589374503023e-08,0.4110202429569784
39,COMPOSITE_Q,0.35373618863363315,0.31656533486410304,0.7353905075605736,5.72974502288659e-08,0.3814941871699513
39,COMPOSITE_Q_PLUS_RF,0.35373640809555545,0.3165638925592567,0.7353933075539616,3.688762083564612e-07,0.38149137398727484
39,COMPOSITE_Q_PLUS_GB,0.3537364095223515,0.3165649457815134,0.7353919018830098,4.9220517772674555e-08,0.3814934045683919
40,COMPOSITE_Q,0.3604579681506826,0.322542597110003,0.7493676073853237,1.232336832246439e-06,0.3888453710103494
40,COMPOSITE_Q_PLUS_RF,0.36046291525487106,0.32260076211441074,0.7492729868770058,1.3449848124125197e-08,0.38900786522491687
40,COMPOSITE_Q_PLUS_GB,0.3604552770477698,0.32260220162537334,0.7492451858423881,5.8186427231987636e-08,0.38901043351513254
41,COMPOSITE_Q,0.36225717507737654,0.3262250064622268,0.7516633288969763,4.093814398586915e-09,0.3889067324147134
41,COMPOSITE_Q_PLUS_RF,0.362257476173312,0.32615479739219544,0.7518053018491573,4.703964440189168e-08,0.38869432289012834
41,COMPOSITE_Q_PLUS_GB,0.3622572389621046,0.3262161675563644,0.7516813935443087,6.38104350469959e-08,0.3888795148877219
42,COMPOSITE_Q,0.37503776283153767,0.36510197930822497,0.745095471183045,1.437067284060234e-07,0.41978484572138125
42,COMPOSITE_Q_PLUS_RF,0.3750378527860261,0.365102787022007,0.7450946457265007,1.8537847257249496e-08,0.41978617400119583
42,COMPOSITE_Q_PLUS_GB,0.3750396257024987,0.3651029520082826,0.7451002758581386,3.474491716559669e-08,0.4197864691909718
43,COMPOSITE_Q,0.0913086603994478,0.0754778591037494,0.19871552605457266,8.50914128602831e-08,0.09050619324527333
43,COMPOSITE_Q_PLUS_RF,0.09130953389696676,0.07547916329406218,0.19871605591569155,1.288812770949832e-07,0.09050929469657522
43,COMPOSITE_Q_PLUS_GB,0.09131012048898095,0.07547948215810887,0.19871755600947866,2.8372371391194307e-07,0.09050923921590515
44,COMPOSITE_Q,0.16229127517250422,0.14586918022726314,0.33765360705655634,1.3581204649781853e-07,0.17234398243744425
44,COMPOSITE_Q_PLUS_RF,0.16242290591769587,0.1472578500363426,0.3362095237406453,7.65080413696051e-05,0.17359741372188647
44,COMPOSITE_Q_PLUS_GB,0.16229170669705306,0.14586973930078914,0.33765333001484044,1.1521554754145846e-06,0.1723444025572158
45,COMPOSITE_Q,0.29344057094310805,0.29621261842610497,0.5704666693209711,3.4734170484274074e-08,0.3343677419873406
45,COMPOSITE_Q_PLUS_RF,0.293441713583444,0.2962126641125697,0.5704703921354775,1.1736441873910763e-08,0.3343679318809735
45,COMPOSITE_Q_PLUS_GB,0.2934406065401184,0.29621261615303707,0.5704667001224397,1.253820794966387e-07,0.3343677404285153
46,COMPOSITE_Q,0.31084042433578246,0.31862620292445987,0.5984043210592433,1.0185345933333423e-07,0.35731236584633674
46,COMPOSITE_Q_PLUS_RF,0.31084133428113525,0.31862577336434134,0.5984077018665891,2.1149594719993559e-07,0.3573122826307197
46,COMPOSITE_Q_PLUS_GB,0.3108405179494259,0.3186262330418438,0.5984044795873675,2.2547231426361947e-07,0.3573123651896819
47,COMPOSITE_Q,0.35549652471413695,0.37055204844256584,0.6761317890963674,1.600546040148032e-08,0.4149136865081884
47,COMPOSITE_Q_PLUS_RF,0.3554974160810723,0.370525997946086,0.6761715716439586,1.2843523466976592e-08,0.4148814135100195
47,COMPOSITE_Q_PLUS_GB,0.3554966974227036,0.3705515501985511,0.6761329912459356,9.92347958250761e-08,0.41491305218918856
48,COMPOSITE_Q,0.1935495018188152,0.15262254978268588,0.4290188193137063,1.5024660127149758e-08,0.1905708658249951
48,COMPOSITE_Q_PLUS_RF,0.1935495388557201,0.15262432482745752,0.4290164628403226,8.764764747315468e-08,0.19057276261091835
48,COMPOSITE_Q_PLUS_GB,0.19354954623598286,0.15262262645606434,0.4290187935819936,8.822090497018209e-08,0.1905709375829402
49,COMPOSITE_Q,0.2311540712391788,0.21516320323539634,0.4711194909268778,1.3282831717864596e-07,0.25269223142001446
49,COMPOSITE_Q_PLUS_RF,0.23115383438211085,0.21511789915126683,0.4711870285646337,7.907039134558147e-08,0.25262332346223293
49,COMPOSITE_Q_PLUS_GB,0.23115417886141423,0.2151175326310774,0.47118876550907096,5.482577553062029e-08,0.2526227297163707
50,COMPOSITE_Q,0.13894407302791237,0.13323746588678156,0.27900091707383545,7.552038008840078e-08,0.1527253548361326
50,COMPOSITE_Q_PLUS_RF,0.138946266733945,0.13323596330167076,0.2790083966319432,2.3145168454030696e-06,0.1527226439880719
50,COMPOSITE_Q_PLUS_GB,0.1389467367224262,0.13323338629211132,0.2790167618526873,9.001286996324076e-08,0.1527166527512562
51,COMPOSITE_Q,0.11533867686815698,0.10521079180560228,0.2373780864573462,7.085179143384579e-08,0.1256199213373502
51,COMPOSITE_Q_PLUS_RF,0.1153387574450141,0.10521098465288944,0.23737793957454806,2.1879133599300715e-07,0.1256201453938206
51,COMPOSITE_Q_PLUS_GB,0.11533869845625962,0.10521077890963315,0.23737815666094808,8.918470262297973e-08,0.1256199102967445
52,COMPOSITE_Q,0.7160742723431254,0.7393116102289956,1.37001555318147,1.4958609423354474e-07,0.8327607844415754
52,COMPOSITE_Q_PLUS_RF,0.7160766612630579,0.7393117977249087,1.3700232497940876,2.2813395617049537e-10,0.8327614693891885
52,COMPOSITE_Q_PLUS_GB,0.7160754026384439,0.7393116844922988,1.3700187235533894,5.512863633927445e-07,0.832761148388286
53,COMPOSITE_Q,0.29648667217439334,0.2815475543058592,0.5970426545042794,1.1397383853362086e-07,0.32909575339200203
53,COMPOSITE_Q_PLUS_RF,0.29648665330197566,0.281547342901437,0.5970429008821093,1.0038293735137316e-07,0.32909550052030545
53,COMPOSITE_Q_PLUS_GB,0.29648666279854685,0.28154762886816553,0.597042602268938,4.099531325518768e-08,0.3290958115882181
54,COMPOSITE_Q,0.17512485375286407,0.15350358762777755,0.3676841255287616,9.32254273777744e-13,0.18768539805622647
54,COMPOSITE_Q_PLUS_RF,0.17512608759346876,0.15350373310930854,0.36768748608616497,6.462081149072318e-07,0.18768527972392252
54,COMPOSITE_Q_PLUS_GB,0.17512655144931735,0.15350433458480692,0.36768763981139874,1.0162010269931798e-06,0.18768654270147528
55,COMPOSITE_Q,0.29872268004805724,0.2695545157330513,0.6206709411991855,6.44239550595671e-08,0.3165502364119966
55,COMPOSITE_Q_PLUS_RF,0.29872440371638864,0.26956334092777606,0.620665692142224,2.4215893401624555e-08,0.31655686530620625
55,COMPOSITE_Q_PLUS_GB,0.2987241832688914,0.26955728339408536,0.6206724365714531,5.616503406802309e-08,0.31655250429719617
56,COMPOSITE_Q,0.0960108837130828,0.08402065966789707,0.20247551082412352,1.0508555298160971e-07,0.10062001039810745
56,COMPOSITE_Q_PLUS_RF,0.09601244464952075,0.0840217888568253,0.20247936958023455,4.867195085855869e-08,0.10062082516817536
56,COMPOSITE_Q_PLUS_GB,0.09601111204425597,0.08402082112989037,0.20247614335325753,3.562297246073598e-08,0.1006201201241986
57,COMPOSITE_Q,0.3951250689840071,0.34679640366787995,0.8275486570515599,1.7595058743324898e-10,0.42821550715390005
57,COMPOSITE_Q_PLUS_RF,0.3951250685748081,0.34679622281051425,0.8275488838920085,1.763972257151636e-08,0.42821531272134516
57,COMPOSITE_Q_PLUS_GB,0.39512516690351884,0.3467962329794123,0.8275490368298599,1.736905673732636e-07,0.42821533853566957
58,COMPOSITE_Q,0.20381573252388743,0.18407453126879447,0.42342764153242696,7.332892626443765e-10,0.2156508046353422
58,COMPOSITE_Q_PLUS_RF,0.20381584216221824,0.18408615272854817,0.4234157643797636,6.639487981630054e-08,0.21565247111260755
58,COMPOSITE_Q_PLUS_GB,0.20381609370671822,0.1840654180695806,0.42343835224968984,6.812233277475599e-09,0.2156496056726712
59,COMPOSITE_Q,0.20506139051257824,0.1849427094491691,0.42356142419342796,2.0310598253248102e-07,0.2251008948800437
59,COMPOSITE_Q_PLUS_RF,0.20506078398824154,0.18478605802994924,0.4237629199612164,2.3433185503130005e-08,0.2249608356093622
59,COMPOSITE_Q_PLUS_GB,0.20506064328533977,0.18477398301380818,0.42377801155054684,1.5907239470092094e-08,0.22495040143861422
60,COMPOSITE_Q,0.1148289568298955,0.1066258456750084,0.2343211253371325,6.083053821770434e-08,0.1254484727709176
60,COMPOSITE_Q_PLUS_RF,0.11482945864135959,0.10662584903150588,0.23432276493183835,8.49601526353716e-08,0.1254484896431053
60,COMPOSITE_Q_PLUS_GB,0.11482935606018053,0.10662575335954808,0.23432242679935741,2.2852571443521263e-07,0.1254483345479457
61,COMPOSITE_Q,0.3354167541383875,0.34561695897597916,0.6436437700394525,4.646006179775952e-08,0.3863852149573949
61,COMPOSITE_Q_PLUS_RF,0.33541721961347876,0.34562145053076576,0.6436453188346865,1.479051763286776e-07,0.38637144432290227
61,COMPOSITE_Q_PLUS_GB,0.33541678866477725,0.3456165125720633,0.6436438630165237,5.9204416591462916e-08,0.38638658226876244
62,COMPOSITE_Q,0.4443813761963967,0.4120067789799536,0.9052322069758402,8.220110969681116e-08,0.4920965574932579
62,COMPOSITE_Q_PLUS_RF,0.4443855214818528,0.41201179120237014,0.9052379724714187,3.269643922276799e-08,0.4921058257078443
62,COMPOSITE_Q_PLUS_GB,0.4443814409178586,0.4120082064208632,0.9052301074588294,8.557910924356094e-08,0.4920992108021813
63,COMPOSITE_Q,0.6398805604591523,0.7017787867214462,1.1697832409008833,1.2002018756618327e-07,0.784119161663972
63,COMPOSITE_Q_PLUS_RF,0.639881215627957,0.7017788221806222,1.1697854113366264,9.523520283494236e-08,0.7841191700222158
63,COMPOSITE_Q_PLUS_GB,0.6398811590048239,0.7017789077612235,1.169785153906306,5.068235664484888e-08,0.7841192529985802
64,COMPOSITE_Q,0.35380368114454536,0.37395965581897883,0.6652238482178732,1.1776302932808846e-08,0.4204862640059894
64,COMPOSITE_Q_PLUS_RF,0.35380277106578606,0.37398016600519723,0.6651891042022366,1.4128387593181913e-07,0.42051947618393065
64,COMPOSITE_Q_PLUS_GB,0.35380433377690146,0.37398088756261294,0.6651930604951195,4.586480819579464e-07,0.42052011765157143
65,COMPOSITE_Q,0.37340764372366186,0.390598425832124,0.7084073481079366,5.595319763074258e-08,0.437058947556844
65,COMPOSITE_Q_PLUS_RF,0.37340829052015106,0.3905983293837066,0.7084089537139243,7.185880354643182e-07,0.4370589001445118
65,COMPOSITE_Q_PLUS_GB,0.37341192483871266,0.3905985930314374,0.7084214064955954,6.433200072653023e-08,0.4370590568100264
66,COMPOSITE_Q,0.13992635099918876,0.12210030331598251,0.29631606691007895,4.3932643245536696e-07,0.14401308133440602
66,COMPOSITE_Q_PLUS_RF,0.1399260780503024,0.1221028716970249,0.2963122609145026,5.946270109635776e-08,0.14401520428033857
66,COMPOSITE_Q_PLUS_GB,0.13992608371499685,0.12210312970311961,0.296311925810275,9.514802967736102e-08,0.14401538516569573
67,COMPOSITE_Q,0.3083793498517177,0.2888591949425838,0.6257235393290708,4.7255617010022455e-06,0.3400311190171109
67,COMPOSITE_Q_PLUS_RF,0.308378484946463,0.2888577058048502,0.6257278934890296,1.8316206712443162e-07,0.34002750209678945
67,COMPOSITE_Q_PLUS_GB,0.3083822055404334,0.2888604977024413,0.625735536557094,1.2476952526707663e-08,0.34003391519487053
68,COMPOSITE_Q,0.1186436641687213,0.10662813207908467,0.24691015995287346,1.4825274341490058e-10,0.1258217651465804
68,COMPOSITE_Q_PLUS_RF,0.11864505110204178,0.10662754938321414,0.2469156376809054,1.892734780017946e-08,0.1258208930460158
68,COMPOSITE_Q_PLUS_GB,0.1186443327478387,0.10662786469128258,0.246912600884172,1.846742710975846e-07,0.12582137672920995
69,COMPOSITE_Q,0.6677860443737795,0.7063649914043157,1.2541213443933878,1.2010168387588394e-07,0.7964010760396338
69,COMPOSITE_Q_PLUS_RF,0.6677862490298792,0.7063648751366793,1.2541223008376623,9.905899911455407e-08,0.7964006651987698
69,COMPOSITE_Q_PLUS_GB,0.6677864064126047,0.7063647047167273,1.2541232762518224,2.5968374173235276e-08,0.7964000433152756
70,COMPOSITE_Q,0.18928550426106258,0.1755973244433714,0.3876647100771703,1.7294324694550056e-07,0.20306842021926
70,COMPOSITE_Q_PLUS_RF,0.18928556322918635,0.1756078438944273,0.3876514949036002,8.715289750993449e-08,0.20307735443908884
70,COMPOSITE_Q_PLUS_GB,0.18928552869271428,0.1755975244497662,0.38766468588702296,1.516626341180327e-08,0.20306861041798507
71,COMPOSITE_Q,0.36986554747232614,0.3210201990477728,0.7789344198310515,1.3225303918673603e-06,0.3987876504956133
71,COMPOSITE_Q_PLUS_RF,0.36986317982387007,0.32102585834932446,0.778912729625419,1.4433142825343026e-07,0.3988156013201856
71,COMPOSITE_Q_PLUS_GB,0.3698634730644874,0.32103536659326154,0.7788979269779343,7.950389568911476e-08,0.3988346114196
72,COMPOSITE_Q,0.16664862553407922,0.14853769903087685,0.3476363185895946,9.097421477255452e-08,0.17796392955673362
72,COMPOSITE_Q_PLUS_RF,0.1666486136041338,0.14853741505276802,0.3476366432769272,2.8009426666919524e-08,0.1779638770239724
72,COMPOSITE_Q_PLUS_GB,0.16664864060617784,0.1485380557860386,0.34763599207790924,9.3712263282697e-08,0.17796398133314484
73,COMPOSITE_Q,0.5611971282640946,0.5680691270085775,1.089735677962779,3.0581466914370026e-07,0.63855595028287
73,COMPOSITE_Q_PLUS_RF,0.5611973193871014,0.5680687714762349,1.089737318933166,1.3661352160632134e-08,0.638554881658755
73,COMPOSITE_Q_PLUS_GB,0.5611972382067572,0.5680690459116295,1.0897364823152185,9.533653033688694e-09,0.638555768786069
74,COMPOSITE_Q,0.4913063531600972,0.49510761162760913,0.9560466714081114,4.973254119633452e-08,0.5596005332961869
74,COMPOSITE_Q_PLUS_RF,0.49130655207907103,0.4951078534412627,0.9560468819205016,7.381423033914203e-08,0.559601093262727
74,COMPOSITE_Q_PLUS_GB,0.4913099291411785,0.4950989437616182,0.9560739423413682,1.4003544579477278e-07,0.5595802129964883
75,COMPOSITE_Q,0.10708268256105793,0.095693676290113,0.22365888514969012,5.423650589753137e-08,0.11276897858165227
75,COMPOSITE_Q_PLUS_RF,0.10708293137649291,0.09569358931510834,0.22365914695719985,7.343723362196464e-07,0.11276890183099582
75,COMPOSITE_Q_PLUS_GB,0.10708284438696736,0.0956936481410027,0.22365948793142834,1.1721727866120801e-08,0.11276900048719693
76,COMPOSITE_Q,0.6092552003739564,0.6614052973143638,1.1232376431358482,8.13489029471981e-08,0.7386229383422208
76,COMPOSITE_Q_PLUS_RF,0.6092554198630942,0.6614052656410558,1.123238501838345,2.290130141080482e-09,0.7386228893223479
76,COMPOSITE_Q_PLUS_GB,0.6092562420593238,0.6614054743118732,1.1232405632006652,3.7793660517815297e-07,0.7386231742458074
77,COMPOSITE_Q,0.21612808105448952,0.22803891073684057,0.40726541679131967,9.651505816776762e-08,0.2553675384152402
77,COMPOSITE_Q_PLUS_RF,0.2161130765638116,0.22804851715947,0.40720373339072624,8.564817241540901e-08,0.25537375704301013
77,COMPOSITE_Q_PLUS_GB,0.21611284914628331,0.22804829049053685,0.40720322989717195,7.76036912786271e-08,0.25537369748863303
78,COMPOSITE_Q,0.37268926335516633,0.35954075784740613,0.7442363341088712,5.319714807550113e-08,0.4155611980913872
78,COMPOSITE_Q_PLUS_RF,0.3726895190104216,0.35943732162833564,0.7443846642161243,1.5663301411450448e-07,0.41542876267179396
78,COMPOSITE_Q_PLUS_GB,0.372689289862365,0.35953853403638164,0.7442396477137042,8.607364931911832e-09,0.4155583275512975
79,COMPOSITE_Q,0.3198753051807459,0.3246277637588246,0.6191426223166658,7.87219495146374e-08,0.36744165741513946
79,COMPOSITE_Q_PLUS_RF,0.31987654456011627,0.32462768480090914,0.6191449643858671,1.9307904814969135e-06,0.36744170566938933
79,COMPOSITE_Q_PLUS_GB,0.3198752865923168,0.32462780836440197,0.6191425192162365,3.699559658620899e-08,0.367441772194463
80,COMPOSITE_Q,0.47990789535171413,0.4572625167345058,0.9648415572935813,1.3161802914218867e-07,0.532766336578793
80,COMPOSITE_Q_PLUS_RF,0.4799096278824038,0.4572622616194768,0.9648477552976729,5.3736312843888356e-08,0.5327660668636509
80,COMPOSITE_Q_PLUS_GB,0.4799081379431183,0.4572627269531722,0.9648418331335534,3.8334792362704206e-07,0.5327665491272354
81,COMPOSITE_Q,0.1637892462344488,0.11681469082666136,0.37868047522626747,3.1631489094685605e-09,0.15140695469625498
81,COMPOSITE_Q_PLUS_RF,0.16378924755687224,0.11681559144476811,0.37867858841696067,3.0866631056669647e-08,0.1514098433836431
81,COMPOSITE_Q_PLUS_GB,0.16378922478598515,0.11681569909930849,0.3786782985933891,4.362447197925334e-08,0.15141012390834288
82,COMPOSITE_Q,0.7073913462209849,0.7182662130028105,1.369765989495254,4.014060062118574e-08,0.8098167342938528
82,COMPOSITE_Q_PLUS_RF,0.7074555363285207,0.7182798604327012,1.3699598984735175,5.357731939215071e-07,0.8098344792469685
82,COMPOSITE_Q_PLUS_GB,0.7073972177133547,0.7182518842606717,1.369806141853497,1.4084053923113515e-08,0.8097980565388789
83,COMPOSITE_Q,0.11411068564013638,0.09818943637269614,0.24378796450184842,4.570282865490327e-07,0.11517328269287044
83,COMPOSITE_Q_PLUS_RF,0.11411139550485742,0.09818905542107748,0.2437902032317063,1.0796306511573484e-06,0.11517294019826944
83,COMPOSITE_Q_PLUS_GB,0.11411092243996329,0.09818960413639063,0.24378890762695787,5.715095913183532e-08,0.11517351765670998
84,COMPOSITE_Q,0.3006198807747784,0.2820781245366678,0.6115530545519283,7.219960579396556e-08,0.32530505388317854
84,COMPOSITE_Q_PLUS_RF,0.3006198897027867,0.28208005428985977,0.6115499025623334,2.7120399481717072e-08,0.32530894511008884
84,COMPOSITE_Q_PLUS_GB,0.3006199169445042,0.2820732259683554,0.6115613690669663,6.456875123461714e-08,0.32529519063282275
85,COMPOSITE_Q,0.6351740871604966,0.6965708667330115,1.1613286349321625,7.828886644523081e-08,0.7780421317428445
85,COMPOSITE_Q_PLUS_RF,0.6351751386157869,0.6965709011913809,1.1613321714274574,6.585410283754811e-08,0.7780419707390448
85,COMPOSITE_Q_PLUS_GB,0.6351775574524997,0.6965864352903697,1.1613296755459703,4.5431098938397696e-08,0.7780271057226804
86,COMPOSITE_Q,0.4039129397542931,0.4165736791283719,0.7738781641159889,1.8747208230252e-08,0.4677738115682239
86,COMPOSITE_Q_PLUS_RF,0.4039128998639686,0.4165736295634906,0.7738781009404188,1.9019081309856745e-08,0.46777375007071426
86,COMPOSITE_Q_PLUS_GB,0.4039222610522542,0.416511574555586,0.7739958179303644,7.530588014281747e-08,0.46770020714705074
87,COMPOSITE_Q,0.40101436091913234,0.42821227574850984,0.7486459690544475,2.5062543873577425e-08,0.47956879959482007
87,COMPOSITE_Q_PLUS_RF,0.40101434869047814,0.4282093423267841,0.7486462893839221,5.07803089577763e-08,0.4795764394317356
87,COMPOSITE_Q_PLUS_GB,0.4010145857967079,0.42820967690360434,0.7486470495355154,1.894234663568639e-08,0.4795756218226801
88,COMPOSITE_Q,0.1537153870426207,0.139228149347217,0.3180888990963354,8.444563415199724e-08,0.16520247175864733
88,COMPOSITE_Q_PLUS_RF,0.15371541803163044,0.13922892694674388,0.3180878137150269,2.64267647764882e-08,0.16520387905069764
88,COMPOSITE_Q_PLUS_GB,0.1537154008325916,0.13922807888762478,0.3180891228656513,1.9177934296177312e-08,0.1652023455322848
89,COMPOSITE_Q,0.15735235751782764,0.1418909016852925,0.3278387950111909,1.2110290936728774e-08,0.16433444875795353
89,COMPOSITE_Q_PLUS_RF,0.15735336390237967,0.14189095224183512,0.3278420165020045,2.5739362474741512e-08,0.16433465557419044
89,COMPOSITE_Q_PLUS_GB,0.1573606922778585,0.14189142236037713,0.32786556641714115,4.709374606948202e-08,0.16433581516479234
90,COMPOSITE_Q,0.3920601291982134,0.4087177087547877,0.7457224499631375,1.471935779928657e-07,0.45728037424762413
90,COMPOSITE_Q_PLUS_RF,0.392060102761556,0.40871768380043444,0.7457224639823763,2.267291210333866e-08,0.4572805162483914
90,COMPOSITE_Q_PLUS_GB,0.39206654570015864,0.40872018742768457,0.7457428730532861,2.395212079786546e-06,0.4572690899224351
91,COMPOSITE_Q,0.1914335851748102,0.1894838175772456,0.3746932499783564,7.269462223846723e-08,0.22180443099742925
91,COMPOSITE_Q_PLUS_RF,0.19143182882642673,0.18948526278591554,0.37468456854814347,1.1979343708667933e-07,0.22180843488177884
91,COMPOSITE_Q_PLUS_GB,0.19145411504600346,0.18948630896019217,0.37475686832703464,1.0621590842974094e-08,0.22181158673358167
92,COMPOSITE_Q,0.4656942594646758,0.45711057203442595,0.9215687637461064,5.6660732106195155e-08,0.5209044173229651
92,COMPOSITE_Q_PLUS_RF,0.46569586826755915,0.45711005899529034,0.9215747650300125,1.6200165708912806e-08,0.5209041619991862
92,COMPOSITE_Q_PLUS_GB,0.46569319937105313,0.45710982525657134,0.9215664295169287,5.561446109192403e-08,0.5209030625466482
93,COMPOSITE_Q,0.34662906438550634,0.31246403119432326,0.7180500548773234,5.435894834260324e-08,0.37474822256327894
93,COMPOSITE_Q_PLUS_RF,0.3466291053927826,0.312383710461715,0.7181775898224233,3.826250505323259e-08,0.37460703828789643
93,COMPOSITE_Q_PLUS_GB,0.3466291937651006,0.3123958677830354,0.71815856853401,8.942299489778094e-08,0.37462836043088543
94,COMPOSITE_Q,0.49235599711443717,0.5166465525058592,0.9307405128701833,4.257492107473393e-08,0.5813986472914815
94,COMPOSITE_Q_PLUS_RF,0.4923548716947595,0.5166069251146336,0.9308090551054043,2.0505140006094047e-07,0.5813001611332814
94,COMPOSITE_Q_PLUS_GB,0.4923549129043449,0.5166067322472517,0.9308097061920333,5.1504030866567074e-08,0.5812996592135016
95,COMPOSITE_Q,1.2598668032084894,1.3558220320683532,2.339044310075195,4.1347920753942446e-08,1.5140688816104861
95,COMPOSITE_Q_PLUS_RF,1.2598714686743966,1.3558202297035649,2.3390631135089035,5.479000828589875e-07,1.5140630134063109
95,COMPOSITE_Q_PLUS_GB,1.259867484720588,1.3558216833370893,2.339047283037099,5.000362801599323e-08,1.5140677980724306
96,COMPOSITE_Q,0.4808913936095296,0.5169415682121797,0.893206640625416,1.1124033627574192e-07,0.5784689758615003
96,COMPOSITE_Q_PLUS_RF,0.4808941483509499,0.5169417232342045,0.8932155635064194,8.023751585373162e-08,0.5784693825750796
96,COMPOSITE_Q_PLUS_GB,0.4808916239634284,0.5169414865369963,0.8932076659433495,1.4064465703178541e-08,0.578468739999849
97,COMPOSITE_Q,0.15635200912404715,0.1392552892746688,0.32640488120513783,3.250535776655461e-07,0.16653860464031853
97,COMPOSITE_Q_PLUS_RF,0.15635206346532307,0.1392537755098297,0.3264074390852967,6.858964479716789e-08,0.16653678509891712
97,COMPOSITE_Q_PLUS_GB,0.15635202094017195,0.13925365547221555,0.3264074985598423,5.5320187708485236e-08,0.16653658134498292
98,COMPOSITE_Q,0.19007556637990394,0.17523571210184657,0.3908775318971034,1.0763434887817169e-07,0.2024156088991429
98,COMPOSITE_Q_PLUS_RF,0.19007798372930634,0.17523641675526294,0.39088520948185074,2.6379398387899045e-08,0.20241487944352732
98,COMPOSITE_Q_PLUS_GB,0.1900758356698924,0.17523576937576799,0.39087838342551245,1.1633707794334036e-07,0.2024155492838488
99,COMPOSITE_Q,0.22147941999350823,0.23123819100228776,0.42147494686635234,7.52281213989292e-08,0.25665456064479825
99,COMPOSITE_Q_PLUS_RF,0.2214788231166553,0.2312367307491569,0.4214749836876036,6.701341159764951e-08,0.2566528868160363
99,COMPOSITE_Q_PLUS_GB,0.22147874580530702,0.2312346125984105,0.42147756162345473,1.0908278258447979e-07,0.25665060813912666
100,COMPOSITE_Q,0.26992005202208247,0.2625722092184004,0.5379593844533808,4.218838672853664e-08,0.29760561264032054
100,COMPOSITE_Q_PLUS_RF,0.2699201874476496,0.26257295154644505,0.5379586572447059,2.546534453862215e-07,0.29760628414270723
100,COMPOSITE_Q_PLUS_GB,0.26992003747899035,0.2625724841094171,0.5379590096004387,1.2452736675161447e-08,0.2976058563021259
