batch_id,assembly_id,component_index,batch_condition,batch_offset_bias_mm,batch_angular_bias_deg,fixture_drift_mm,variation_multiplier,scenario_type,severity,active_modes,n_active_modes,offset_mm,tilt_deg,bend_mm,waviness_mm,twist_mm,local_bump_mm,component_profile_rms_mm,component_parallelism_mm,state_before_mean_gap,state_before_max_gap,state_before_parallelism,state_before_rms,state_before_quality,state_after_mean_gap,state_after_max_gap,state_after_parallelism,state_after_rms,state_after_quality
1,1,1,normal,0.0,0.0,0.0,1.0,mixed,medium,waviness+twist,2,0.0,0.0,0.0,0.0712385754434191,-0.031194932819017574,-0.026766030220433962,0.05160806149071707,4.852482348230436e-17,0.0,0.0,0.0,0.0,0.0,0.04551019192030769,0.09132830203287584,4.852482348230436e-17,0.05160806149071707,0.04621235433502678
1,1,2,normal,0.0,0.0,0.0,1.0,mixed,medium,offset+tilt+twist+waviness,4,-0.025642968955758582,0.003218326453312891,0.0,0.0678874920603117,0.05482601802064181,0.0,0.05793077025584431,0.05617039307341611,0.04551019192030769,0.09132830203287584,4.852482348230436e-17,0.05160806149071707,0.04621235433502678,0.0878859483916605,0.18777506314668668,0.056170393073416064,0.10239731012270947,0.10978915239579992
1,1,3,normal,0.0,0.0,0.0,1.0,twist,medium,twist,1,0.0,0.0,0.0,0.0,0.017497762274037394,0.0,0.0032727946495906294,2.1428578561141206e-18,0.0878859483916605,0.18777506314668668,0.056170393073416064,0.10239731012270947,0.10978915239579992,0.08835678984751481,0.19214950371519604,0.056170393073416064,0.10336929356780478,0.11133993534761855
1,1,4,normal,0.0,0.0,0.0,1.0,waviness,medium,waviness,1,0.0,0.0,0.0,0.10053665076454206,0.0,0.0,0.0707373406333386,7.387313253347504e-17,0.08835678984751481,0.19214950371519604,0.056170393073416064,0.10336929356780478,0.11133993534761855,0.14964476629384862,0.2926861544797381,0.05617039307341599,0.17013602978012854,0.16656399713211364
1,1,5,normal,0.0,0.0,0.0,1.0,bend,medium,bend,1,0.0,0.0,0.1004510087470194,0.0,0.0,0.21834881427128316,0.1649347341258831,1.2298918394132441e-17,0.14964476629384862,0.2926861544797381,0.05617039307341599,0.17013602978012854,0.16656399713211364,0.17262447384137736,0.460973580263338,0.056170393073415995,0.21098263827386773,0.22802879798082618
1,2,1,normal,0.0,0.0,0.0,1.0,mixed,medium,offset+twist+waviness,3,-0.22925859070052637,0.0,0.0,0.060085341353290314,0.09944856278202228,0.0,0.2487484988678495,5.551115123125783e-17,0.0,0.0,0.0,0.0,0.0,0.24492445495094825,0.3142060727493223,5.551115123125783e-17,0.2487484988678495,0.19261400819686614
1,2,2,normal,0.0,0.0,0.0,1.0,mixed,medium,tilt+bend,2,0.0,-0.011111681157329877,0.0908757699821827,0.0,0.0,0.0,0.08535367730182165,0.19393542405858544,0.24492445495094825,0.3142060727493223,5.551115123125783e-17,0.2487484988678495,0.19261400819686614,0.1876486592308249,0.3692320874845134,0.19393542405858546,0.20617439004704138,0.24586229023688128
1,2,3,normal,0.0,0.0,0.0,1.0,mixed,high,twist+offset+bend,3,-0.5476022847401013,0.0,0.06832966963234038,0.0,0.33818083906923907,0.1679964578087069,0.5181230863466735,0.0,0.1876486592308249,0.3692320874845134,0.19393542405858546,0.20617439004704138,0.24586229023688128,0.6954269196843438,0.9672211688206531,0.19393542405858544,0.7126103542812261,0.6282360891971973
1,2,4,normal,0.0,0.0,0.0,1.0,offset,low,offset,1,0.2749364060889146,0.0,0.0,0.0,0.0,0.0,0.27493640608891456,0.0,0.6954269196843438,0.9672211688206531,0.19393542405858544,0.7126103542812261,0.6282360891971973,0.42049051359542905,0.6922847627317386,0.1939354240585855,0.4483382522503601,0.43684703534076197
1,2,5,normal,0.0,0.0,0.0,1.0,mixed,medium,waviness+tilt+offset+twist,4,-0.25610979279727325,0.01354650217760082,0.0,0.02128746637465223,-0.18052540712733378,0.0,0.23793831972835017,0.23643106953318715,0.42049051359542905,0.6922847627317386,0.1939354240585855,0.4483382522503601,0.43684703534076197,0.6481626252166784,0.833459588071767,0.04249564547460172,0.6615906263069394,0.523394420259608
1,3,1,normal,0.0,0.0,0.0,1.0,mixed,medium,twist+offset+tilt,3,-0.5871683444068269,-0.0005668849544854373,0.0,0.0,0.13964530866462435,0.0,0.6093358725951626,0.00989400893611192,0.0,0.0,0.0,0.0,0.0,0.6091662937743139,0.630816165906211,0.00989400893611192,0.6093358725951626,0.43589652784450733
1,3,2,normal,0.0,0.0,0.0,1.0,mixed,medium,offset+bend,2,-0.6864147476510972,0.0,0.11329949068067525,0.0,0.0,0.0,0.6160260603496005,0.0,0.6091662937743139,0.630816165906211,0.00989400893611192,0.6093358725951626,0.43589652784450733,1.224172364671501,1.279909197625595,0.00989400893611192,1.224900094103558,0.8766826807803181
1,3,3,normal,0.0,0.0,0.0,1.0,mixed,high,tilt+bend+waviness,3,0.0,-0.02044529114210533,0.3185084518705038,0.1524135009836034,0.0,0.0,0.27971667657685517,0.35683766210431933,1.224172364671501,1.279909197625595,0.00989400893611192,1.224900094103558,0.8766826807803181,1.023427710424891,1.514559167629076,0.36673167104043136,1.0468270987325923,0.9760982746015787
1,3,4,normal,0.0,0.0,0.0,1.0,mixed,medium,waviness+offset,2,0.24555105182624007,0.0,0.0,0.14319751873525333,0.0,0.0,0.26541772965892124,1.1102230246251565e-16,1.023427710424891,1.514559167629076,0.36673167104043136,1.0468270987325923,0.9760982746015787,0.7778766585986512,1.4034215051291838,0.36673167104043136,0.8311412013549717,0.8475230705659771
1,3,5,normal,0.0,0.0,0.0,1.0,mixed,low,tilt+waviness,2,0.0,0.0026051187798356887,0.0,0.07594739517453257,0.0,0.0,0.05166702813748509,0.04546790014500236,0.7778766585986512,1.4034215051291838,0.36673167104043136,0.8311412013549717,0.8475230705659771,0.7778766585986507,1.457431676164467,0.3212637708954289,0.8452032856068601,0.8514919602582499
1,4,1,normal,0.0,0.0,0.0,1.0,mixed,low,offset+bend+waviness,3,-0.01888796637726318,0.0,0.12057173523851442,0.02232333489684669,0.0,0.0,0.0702109997592508,3.469446951953614e-18,0.0,0.0,0.0,0.0,0.0,0.0610526536062616,0.12040201733936462,3.469446951953614e-18,0.0702109997592508,0.06145750125961294
1,4,2,normal,0.0,0.0,0.0,1.0,mixed,medium,twist+waviness,2,0.0,0.0,0.0,0.10366215707147362,0.0743127624781519,0.13953486289845807,0.09587754855487554,8.526911273419591e-17,0.0610526536062616,0.12040201733936462,3.469446951953614e-18,0.0702109997592508,0.06145750125961294,0.12406825679387715,0.3362968842102064,9.020562075079397e-17,0.15172777375290336,0.15328231967651543
1,4,3,normal,0.0,0.0,0.0,1.0,mixed,medium,twist+bend,2,0.0,0.0,0.2355076187893284,0.0,0.004337008708506508,0.0,0.1651540021748721,2.831023476924194e-17,0.12406825679387715,0.3362968842102064,9.020562075079397e-17,0.15172777375290336,0.15328231967651543,0.24840222276158644,0.5662812342834156,6.245004513516506e-17,0.29638591457191343,0.274043628570692
1,4,4,normal,0.0,0.0,0.0,1.0,offset,low,offset,1,0.13555594606340873,0.0,0.0,0.0,0.0,0.0,0.13555594606340876,0.0,0.24840222276158644,0.5662812342834156,6.245004513516506e-17,0.29638591457191343,0.274043628570692,0.3702575848231568,0.7018371803468243,6.938893903907228e-17,0.4121291426715605,0.3628413438181504
1,4,5,normal,0.0,0.0,0.0,1.0,mixed,medium,bend+tilt,2,0.0,0.00407911482994894,0.060984541502660194,0.0,0.0,0.0,0.04766524189911763,0.07119398446982184,0.3702575848231568,0.7018371803468243,6.938893903907228e-17,0.4121291426715605,0.3628413438181504,0.40869399248029775,0.7574698788882327,0.07119398446982178,0.4533401875917185,0.4165413755106775
1,5,1,normal,0.0,0.0,0.0,1.0,tilt,medium,tilt,1,0.0,0.0031554171931733065,0.0,0.0,0.0,0.0,0.016056231398301837,0.05507241935058983,0.0,0.0,0.0,0.0,0.0,0.013904422707327137,0.027536209675294916,0.05507241935058983,0.016056231398301837,0.030559538659793748
1,5,2,normal,0.0,0.0,0.0,1.0,bend,medium,bend,1,0.0,0.0,0.20183838095751966,0.0,0.0,-0.06612016541186913,0.11698082572225964,2.4718115466774992e-17,0.013904422707327137,0.027536209675294916,0.05507241935058983,0.016056231398301837,0.030559538659793748,0.10888656488398028,0.15886474212054866,0.05507241935058986,0.11807758531312157,0.10865487643784778
1,5,3,normal,0.0,0.0,0.0,1.0,bend,medium,bend,1,0.0,0.0,0.11640082169547578,0.0,0.0,0.0,0.08189933234952525,1.425498937074862e-17,0.10888656488398028,0.15886474212054866,0.05507241935058986,0.11807758531312157,0.10865487643784778,0.18189417486716775,0.26245543240357394,0.055072419350589874,0.19910182240946708,0.16973679022734617
1,5,4,normal,0.0,0.0,0.0,1.0,offset,extreme,offset,1,-0.6789061449035378,0.0,0.0,0.0,0.0,0.41584848026335863,0.5737370221524004,0.0,0.18189417486716775,0.26245543240357394,0.055072419350589874,0.19910182240946708,0.16973679022734617,0.3741787393184962,0.7063829508895726,0.05507241935058982,0.4301718768933612,0.38370742055693374
1,5,5,normal,0.0,0.0,0.0,1.0,offset,low,offset,1,0.08571886427147953,0.0,0.0,0.0,0.0,0.0,0.08571886427147953,0.0,0.3741787393184962,0.7063829508895726,0.05507241935058982,0.4301718768933612,0.38370742055693374,0.3034437290251235,0.620664086618093,0.05507241935058982,0.3581162021245595,0.3295656907105979
1,6,1,normal,0.0,0.0,0.0,1.0,mixed,extreme,bend+offset+twist+tilt,4,-0.04537961323096445,-0.05322242708615295,0.2851170934055352,0.0,0.18718538269036122,0.0,0.30613890035774244,0.9289068557304928,0.0,0.0,0.0,0.0,0.0,0.2808848069485884,0.5098330410962109,0.9289068557304928,0.30613890035774244,0.5465013011683618
1,6,2,normal,0.0,0.0,0.0,1.0,mixed,extreme,offset+bend+waviness,3,0.7985692206645906,0.0,0.12621628351731473,0.1656705109273548,0.0,0.0,0.8867009310984386,1.1102230246251565e-16,0.2808848069485884,0.5098330410962109,0.9289068557304928,0.30613890035774244,0.5465013011683618,0.9829517319714657,1.3871293135512164,0.9289068557304929,1.0429323072664387,1.0939896011025962
1,6,3,normal,0.0,0.0,0.0,1.0,mixed,medium,waviness+twist+tilt,3,0.0,0.0006378746193520751,0.0,0.1257018475860885,-0.03392565222970098,0.0,0.08790037274214364,0.011133012323059119,0.9829517319714657,1.3871293135512164,0.9289068557304929,1.0429323072664387,1.0939896011025962,0.988295948595314,1.5124740380298545,0.9177738434074338,1.066033267799591,1.1321664757897396
1,6,4,normal,0.0,0.0,0.0,1.0,mixed,medium,bend+waviness+twist+offset,4,0.3423114719958668,0.0,0.15214397234181964,0.08764754745943652,-0.14117993069839363,0.0,0.46673599020832873,5.551115123125783e-17,0.988295948595314,1.5124740380298545,0.9177738434074338,1.066033267799591,1.1321664757897396,1.4487380996547925,2.0946531454283766,0.917773843407434,1.5196007236234361,1.4903095989095243
1,6,5,normal,0.0,0.0,0.0,1.0,waviness,medium,waviness,1,0.0,0.0,0.0,0.059653601892052356,0.0,0.0,0.041972127825566335,4.3832755568827445e-17,1.4487380996547925,2.0946531454283766,0.917773843407434,1.5196007236234361,1.4903095989095243,1.4487380996547927,2.1538363608518427,0.917773843407434,1.52940135492209,1.5090446266664297
1,7,1,normal,0.0,0.0,0.0,1.0,twist,low,twist,1,0.0,0.0,0.0,0.0,0.0961403509363233,0.0,0.017982163731932062,1.1773797304307157e-17,0.0,0.0,0.0,0.0,0.0,0.015144730548369813,0.027836924915443886,1.1773797304307157e-17,0.017982163731932062,0.014692713012337322
1,7,2,normal,0.0,0.0,0.0,1.0,tilt,medium,tilt,1,0.0,-0.013064765778035774,0.0,0.0,0.0,0.0,0.06647961048515746,0.22802318278059203,0.015144730548369813,0.027836924915443886,1.1773797304307157e-17,0.017982163731932062,0.014692713012337322,0.05757020951391185,0.11597948327928932,0.22802318278059203,0.0688686926167491,0.12735873193381286
1,7,3,normal,0.0,0.0,0.0,1.0,tilt,medium,tilt,1,0.0,0.001743656218629242,0.0,0.0,0.0,0.0,0.00887253443579753,0.030432542047349288,0.05757020951391185,0.11597948327928932,0.22802318278059203,0.0688686926167491,0.12735873193381286,0.0498867459276999,0.10256584083566302,0.19759064073324273,0.060348433479575525,0.11104781159693923
1,7,4,normal,0.0,0.0,0.0,1.0,mixed,high,bend+waviness+offset,3,-0.15036649767186486,0.0,0.1272787565050448,0.11201083008879796,0.0,0.0,0.11276672430680033,5.551115123125783e-17,0.0498867459276999,0.10256584083566302,0.19759064073324273,0.060348433479575525,0.11104781159693923,0.11193094828177086,0.33365914189064605,0.1975906407332428,0.14508149524342517,0.20746236879604044
1,7,5,normal,0.0,0.0,0.0,1.0,bend,low,bend,1,0.0,0.0,0.06936338476266181,0.0,0.0,0.0,0.04880390721319139,8.494564712762008e-18,0.11193094828177086,0.33365914189064605,0.1975906407332428,0.14508149524342517,0.20746236879604044,0.09972010805391075,0.31852798830428347,0.1975906407332428,0.13354774426058927,0.19810639555349002
1,8,1,normal,0.0,0.0,0.0,1.0,mixed,low,twist+tilt+bend,3,0.0,-0.0027258939504025328,0.11996194514655878,0.0,-0.13818259989585285,-0.06466082768678166,0.08459120504015195,0.047575824530614486,0.0,0.0,0.0,0.0,0.0,0.07903196172098226,0.1241620956973153,0.047575824530614486,0.08459120504015195,0.0836900850886888
1,8,2,normal,0.0,0.0,0.0,1.0,mixed,medium,tilt+waviness+bend+offset,4,-0.3306372917104945,0.005077036758382557,0.16434396811795213,0.05098671006534861,0.0,0.0,0.23596178479103694,0.08861100791047732,0.07903196172098226,0.1241620956973153,0.047575824530614486,0.08459120504015195,0.0836900850886888,0.14893837483511396,0.3511658664737205,0.04103518337986284,0.16848622109559266,0.17919044951616847
1,8,3,normal,0.0,0.0,0.0,1.0,bend,medium,bend,1,0.0,0.0,0.09970589200755683,0.0,0.0,0.0,0.07015282081166062,1.2210450150318615e-17,0.14893837483511396,0.3511658664737205,0.04103518337986284,0.16848622109559266,0.17919044951616847,0.09959725996467028,0.3511658664737205,0.04103518337986284,0.13674998555960038,0.16121449150143616
1,8,4,normal,0.0,0.0,0.0,1.0,mixed,medium,bend+offset+tilt,3,-0.0674105672400656,0.017487025311727595,0.1757039957288508,0.0,0.0,0.0,0.11320345365133884,0.30520617754596807,0.09959725996467028,0.3511658664737205,0.04103518337986284,0.13674998555960038,0.16121449150143616,0.15114399436705406,0.5711795224867702,0.34624136092583097,0.18768162184410048,0.3393376255183066
1,8,5,normal,0.0,0.0,0.0,1.0,offset,low,offset,1,-0.04187165034792162,0.0,0.0,0.0,0.0,0.0,0.04187165034792162,0.0,0.15114399436705406,0.5711795224867702,0.34624136092583097,0.18768162184410048,0.3393376255183066,0.15087231557161873,0.6130511728346918,0.34624136092583097,0.2013930051642099,0.3531887553160634
1,9,1,normal,0.0,0.0,0.0,1.0,mixed,medium,offset+twist+waviness+tilt,4,-0.08545034625861929,-0.009483107860102874,0.0,0.05180637477550735,-0.1530161687083906,0.0,0.09250254470149807,0.16551145699189154,0.0,0.0,0.0,0.0,0.0,0.07638439263691431,0.18056467107004695,0.16551145699189154,0.09250254470149807,0.13598841067980566
1,9,2,normal,0.0,0.0,0.0,1.0,tilt,low,tilt,1,0.0,-0.011511496462091483,0.0,0.0,0.0,0.07842680402114775,0.06874889877789363,0.20091351779854943,0.07638439263691431,0.18056467107004695,0.16551145699189154,0.09250254470149807,0.13598841067980566,0.10351382286723565,0.2719167236059277,0.366424974790441,0.12853628185320273,0.23541028456440158
1,9,3,normal,0.0,0.0,0.0,1.0,waviness,low,waviness,1,0.0,0.0,0.0,0.057593145718027136,0.0,0.0,0.04052239592049781,4.231875693384541e-17,0.10351382286723565,0.2719167236059277,0.366424974790441,0.12853628185320273,0.23541028456440158,0.12403189079769988,0.3208329263982536,0.366424974790441,0.15273575514263124,0.25866051311018146
1,9,4,normal,0.0,0.0,0.0,1.0,twist,medium,twist,1,0.0,0.0,0.0,0.0,0.07183665575698975,0.0,0.013436382259850643,8.797453053424778e-18,0.12403189079769988,0.3208329263982536,0.366424974790441,0.15273575514263124,0.25866051311018146,0.12813296481396452,0.3339851473687981,0.366424974790441,0.1563492396144467,0.26419785005340574
1,9,5,normal,0.0,0.0,0.0,1.0,mixed,low,offset+bend+twist+waviness,4,-0.16251687254042305,0.0,0.13264401942684703,0.04640910541966691,0.007756713289722122,0.0,0.09607684761341742,0.0,0.12813296481396452,0.3339851473687981,0.366424974790441,0.1563492396144467,0.26419785005340574,0.172632719836181,0.5139378401845454,0.36642497479044106,0.22372829589666765,0.338271490033017
1,10,1,normal,0.0,0.0,0.0,1.0,mixed,medium,bend+waviness+offset,3,-0.43819958249022106,0.0,0.11181066867383727,0.05090520996297622,0.0,0.0,0.371120608065059,5.551115123125783e-17,0.0,0.0,0.0,0.0,0.0,0.36772925778707194,0.46330876349537214,5.551115123125783e-17,0.371120608065059,0.2864234671912392
1,10,2,normal,0.0,0.0,0.0,1.0,mixed,medium,twist+offset,2,-0.4812930361739673,0.0,0.0,0.0,-0.059276342424445176,0.0,0.4719932473925698,0.0,0.36772925778707194,0.46330876349537214,5.551115123125783e-17,0.371120608065059,0.2864234671912392,0.8396846513877799,0.935000525771835,1.1102230246251565e-16,0.8411169363647164,0.616517246784356
1,10,3,normal,0.0,0.0,0.0,1.0,tilt,low,tilt,1,0.0,0.0023132052208299832,0.0,0.0,0.0,0.0,0.011770664861810099,0.04037304739974152,0.8396846513877799,0.935000525771835,1.1102230246251565e-16,0.8411169363647164,0.616517246784356,0.8396846513877798,0.939679142364059,0.040373047399741346,0.8410713314284488,0.630028185488319
1,10,4,normal,0.0,0.0,0.0,1.0,mixed,medium,waviness+twist+tilt+bend,4,0.0,-0.013530610508755321,0.17628274676037206,0.051278503547019794,-0.1076569797356623,-0.1423440866962666,0.12731413984569742,0.23615370757271037,0.8396846513877798,0.939679142364059,0.040373047399741346,0.8410713314284488,0.630028185488319,0.754012369093412,1.0245150391968394,0.19578066017296913,0.7634565575543029,0.6686380762943964
1,10,5,normal,0.0,0.0,0.0,1.0,mixed,medium,bend+twist,2,0.0,0.0,0.0833987620772203,0.0,-0.08558121996885318,0.0,0.0705150648717979,2.069407941327011e-17,0.754012369093412,1.0245150391968394,0.19578066017296913,0.7634565575543029,0.6686380762943964,0.6879676889099003,1.0174071268441673,0.19578066017296913,0.7006935196537417,0.6404159947434851
2,11,1,offset_drift,0.14459815066338172,0.0,0.0,1.0,twist,medium,twist,1,0.0,0.0,0.0,0.0,-0.1131272263634678,0.0,0.02115940172045534,1.3854089566243891e-17,0.0,0.0,0.0,0.0,0.0,0.16241877794706946,0.1773535345942978,0.0,0.16281893303360928,0.1182135870657711
2,11,2,offset_drift,0.14459815066338172,0.0,0.0,1.0,offset,high,offset,1,-0.8629902185784479,0.0,0.0,0.0,0.0,0.0,0.862990218578448,0.0,0.16241877794706946,0.1773535345942978,0.0,0.16281893303360928,0.1182135870657711,0.5559732899679968,0.5737939172516844,0.0,0.5560903206154749,0.3945391942274518
2,11,3,offset_drift,0.14459815066338172,0.0,0.0,1.0,mixed,medium,twist+waviness,2,0.0,0.0,0.0,0.07295187799250584,0.09257199380199073,0.0,0.05417048919120039,6.494096991521597e-17,0.5559732899679968,0.5737939172516844,0.0,0.5560903206154749,0.3945391942274518,0.42595775616426307,0.5012114860091812,1.1102230246251565e-16,0.42904422687660687,0.321055195339694
2,11,4,offset_drift,0.14459815066338172,0.0,0.0,1.0,bend,low,bend,1,0.0,0.0,0.15625898671850016,0.0,0.0,0.0,0.10994343939718,1.9136206792282e-17,0.42595775616426307,0.5012114860091812,1.1102230246251565e-16,0.42904422687660687,0.321055195339694,0.18287507211561255,0.31799700456510466,1.1102230246251565e-16,0.19597353540285478,0.16985897654450066
2,11,5,offset_drift,0.14459815066338172,0.0,0.0,1.0,mixed,medium,tilt+offset+waviness,3,-0.32648641394571415,0.005224619221007606,0.0,0.08065285239139926,0.0,0.0,0.33128549042563005,0.09118680782230443,0.18287507211561255,0.31799700456510466,1.1102230246251565e-16,0.19597353540285478,0.16985897654450066,0.364763335397945,0.53846994198295,0.09118680782230432,0.38249193217131155,0.33657521877809093
2,12,1,offset_drift,0.14459815066338172,0.0,0.0,1.0,waviness,medium,waviness,1,0.0,0.0,0.0,0.039025289547047745,0.0,0.0,0.027458097907691516,2.867531755775441e-17,0.0,0.0,0.0,0.0,0.0,0.14459815066338172,0.18362344021042948,2.7755575615628914e-17,0.14718210596393305,0.11318468785853668
2,12,2,offset_drift,0.14459815066338172,0.0,0.0,1.0,mixed,low,offset+bend,2,-0.1123265930877297,0.0,0.10871990822737096,0.0,0.0,0.003943079788232252,0.05524757155596419,1.3877787807814457e-17,0.14459815066338172,0.18362344021042948,2.7755575615628914e-17,0.14718210596393305,0.11318468785853668,0.24656632255422978,0.3242796341492443,0.0,0.2505671120305088,0.1963104982140931
2,12,3,offset_drift,0.14459815066338172,0.0,0.0,1.0,offset,high,offset,1,0.07611380804134389,0.0,0.0,0.0,0.0,-0.027647459876107575,0.06856302631579941,0.0,0.24656632255422978,0.3242796341492443,0.0,0.2505671120305088,0.1963104982140931,0.4590446022860408,0.5228532376355288,0.0,0.46069326535374183,0.34063867851184504
2,12,4,offset_drift,0.14459815066338172,0.0,0.0,1.0,tilt,medium,tilt,1,0.0,-0.025513449896345578,0.0,0.0,0.0,0.0,0.12982431700405106,0.44529373366574615,0.4590446022860408,0.5228532376355288,0.0,0.46069326535374183,0.34063867851184504,0.6036427529494226,0.7951371563880945,0.4452937336657461,0.6201414621382328,0.6152362391148023
2,12,5,offset_drift,0.14459815066338172,0.0,0.0,1.0,bend,high,bend,1,0.0,0.0,0.24566511748436587,0.0,0.0,0.0,0.17284937348787852,3.0085299978938715e-17,0.6036427529494226,0.7951371563880945,0.4452937336657461,0.6201414621382328,0.6152362391148023,0.9030749709043757,1.0887121261749133,0.4452937336657461,0.9196842131691848,0.8230926705404289
2,13,1,offset_drift,0.14459815066338172,0.0,0.0,1.0,waviness,high,waviness,1,0.0,0.0,0.0,0.10399719572639132,0.0,0.0,0.07317217157192453,7.641589971997556e-17,0.0,0.0,0.0,0.0,0.0,0.14459815066338175,0.24859534638977304,8.326672684688674e-17,0.1620579892131863,0.13416384803726508
2,13,2,offset_drift,0.14459815066338172,0.0,0.0,1.0,mixed,medium,waviness+twist+tilt+offset,4,-0.1316438323779516,0.02783368954460901,0.0,0.07628869340333284,0.07215848042377154,0.0,0.19890633357192297,0.48578956374541216,0.14459815066338175,0.24859534638977304,8.326672684688674e-17,0.1620579892131863,0.13416384803726508,0.18209376978238406,0.442226101943153,0.4857895637454121,0.2199992402741069,0.35503275466869544
2,13,3,offset_drift,0.14459815066338172,0.0,0.0,1.0,mixed,high,bend+twist+offset+tilt,4,-0.5975966308754966,-0.00562462604656856,0.15448302421614885,0.0,-0.06234433607270225,0.0,0.49345790865390693,0.09816824402140245,0.18209376978238406,0.442226101943153,0.4857895637454121,0.2199992402741069,0.35503275466869544,0.2122892497425141,0.48925667112530796,0.38762131972400965,0.2525057032182544,0.35200074249937496
2,13,4,offset_drift,0.14459815066338172,0.0,0.0,1.0,twist,medium,twist,1,0.0,0.0,0.0,0.0,0.0020716177960651756,0.0,0.0003874769546400084,2.5370001030079114e-19,0.2122892497425141,0.48925667112530796,0.38762131972400965,0.2525057032182544,0.35200074249937496,0.1402228399747791,0.34465852046192624,0.38762131972400965,0.16425399517318953,0.27817620356553346
2,13,5,offset_drift,0.14459815066338172,0.0,0.0,1.0,offset,low,offset,1,0.049215586854757784,0.0,0.0,0.0,0.0,0.0,0.049215586854757784,0.0,0.1402228399747791,0.34465852046192624,0.38762131972400965,0.16425399517318953,0.27817620356553346,0.16961224778758516,0.4264216494436056,0.38762131972400965,0.2075717378776758,0.3158537388743277
2,14,1,offset_drift,0.14459815066338172,0.0,0.0,1.0,tilt,extreme,tilt,1,0.0,0.0003297661747319081,0.0,0.0,0.0,0.0,0.001678003788211917,0.005755505510842277,0.0,0.0,0.0,0.0,0.0,0.14459815066338175,0.14747590341880285,0.0057555055108422515,0.1446078866175123,0.10380965653965929
2,14,2,offset_drift,0.14459815066338172,0.0,0.0,1.0,waviness,high,waviness,1,0.0,0.0,0.0,0.054128727252059805,0.0,0.0,0.03808483959392491,3.9773143542693084e-17,0.14459815066338175,0.14747590341880285,0.0057555055108422515,0.1446078866175123,0.10380965653965929,0.28919630132676344,0.3447639049565338,0.0057555055108422515,0.2916421444455432,0.22107892798279616
2,14,3,offset_drift,0.14459815066338172,0.0,0.0,1.0,mixed,medium,twist+offset+tilt+waviness,4,0.1946695137110464,-0.011905561554145756,0.0,0.09884862841855156,-0.13749780708953704,0.0,0.24010240532199517,0.2077912514093117,0.28919630132676344,0.3447639049565338,0.0057555055108422515,0.2916421444455432,0.22107892798279616,0.6501236249294171,0.8938152997555489,0.2020357458984694,0.6641874536568383,0.5902111465407144
2,14,4,offset_drift,0.14459815066338172,0.0,0.0,1.0,waviness,high,waviness,1,0.0,0.0,0.0,0.1574043634877248,0.0,0.1962568030197522,0.1427466167228825,1.1565726674989119e-16,0.6501236249294171,0.8938152997555489,0.2020357458984694,0.6641874536568383,0.5902111465407144,0.8531689356413645,1.2614435964264847,0.20203574589846962,0.8882997361496602,0.7838244570048617
2,14,5,offset_drift,0.14459815066338172,0.0,0.0,1.0,mixed,low,tilt+bend+twist+offset,4,0.0008730349146385486,-0.0035465753559113813,0.0022835581272357824,0.0,-0.0018299997236845458,0.12239199891857673,0.06095293811987001,0.061899417209799995,0.8531689356413645,1.2614435964264847,0.20203574589846962,0.8882997361496602,0.7838244570048617,1.0368171546398048,1.5128158831061533,0.2639351631082696,1.071222369277575,0.9511926971840259
2,15,1,offset_drift,0.14459815066338172,0.0,0.0,1.0,waviness,medium,waviness,1,0.0,0.0,0.0,0.09518892145288367,0.0,0.0,0.06697469141977355,6.994368478293768e-17,0.0,0.0,0.0,0.0,0.0,0.14459815066338175,0.23978707211626538,8.326672684688674e-17,0.15935568538977182,0.13125113537287134
2,15,2,offset_drift,0.14459815066338172,0.0,0.0,1.0,mixed,extreme,waviness+bend+twist+offset,4,0.5733418945055098,0.0,0.28003162129070697,0.15552423861587816,0.0874243965475729,0.0,0.7496719635097845,1.1102230246251565e-16,0.14459815066338175,0.23978707211626538,8.326672684688674e-17,0.15935568538977182,0.13125113537287134,1.0252605298062956,1.3806211817759084,2.220446049250313e-16,1.0442795967287886,0.8261924731475402
2,15,3,offset_drift,0.14459815066338172,0.0,0.0,1.0,waviness,extreme,waviness,1,0.0,0.0,0.0,0.25348099641607236,0.0,0.0,0.1783486067141364,1.8625481454337483e-16,1.0252605298062956,1.3806211817759084,2.220446049250313e-16,1.0442795967287886,0.8261924731475402,1.1698586804696773,1.7782001420111613,4.440892098500626e-16,1.225830364914088,1.0070006832356604
2,15,4,offset_drift,0.14459815066338172,0.0,0.0,1.0,mixed,high,offset+waviness+twist,3,-0.3806714041569625,0.0,0.0,0.08717788666501078,0.07030003165545025,0.0,0.39658192707724194,5.551115123125783e-17,1.1698586804696773,1.7782001420111613,4.440892098500626e-16,1.225830364914088,1.0070006832356604,0.9227112523283587,1.6264233656539935,4.440892098500626e-16,1.0165342931815657,0.8663938147128624
2,15,5,offset_drift,0.14459815066338172,0.0,0.0,1.0,waviness,high,waviness,1,0.0,0.0,0.0,0.13869031533857534,0.0,0.0,0.09758216535009154,1.0190799045127401e-16,0.9227112523283587,1.6264233656539935,4.440892098500626e-16,1.0165342931815657,0.8663938147128624,1.0673094029917403,1.9094381579994189,6.661338147750939e-16,1.1882016136570304,1.0118444296630509
2,16,1,offset_drift,0.14459815066338172,0.0,0.0,1.0,bend,low,bend,1,0.0,0.0,0.13035227915975645,0.0,0.0,0.0,0.09171554356680223,1.5963550143455798e-17,0.0,0.0,0.0,0.0,0.0,0.2267545991234114,0.27495042982313816,2.7755575615628914e-17,0.23039033645491183,0.17355054232945602
2,16,2,offset_drift,0.14459815066338172,0.0,0.0,1.0,tilt,low,tilt,1,0.0,-0.03432496460826924,0.0,0.0,0.0,0.0,0.174661417532289,0.599083719715451,0.2267545991234114,0.27495042982313816,2.7755575615628914e-17,0.23039033645491183,0.17355054232945602,0.37156276594181875,0.588738161184489,0.599083719715451,0.4123973017089099,0.5090551242234186
2,16,3,offset_drift,0.14459815066338172,0.0,0.0,1.0,mixed,medium,twist+bend+tilt+waviness,4,0.0,-0.01268275136183821,0.085919207310447,0.12548063552659994,-0.023867457101631358,0.0,0.13751021238588845,0.2213557730912294,0.37156276594181875,0.588738161184489,0.599083719715451,0.4123973017089099,0.5090551242234186,0.5738625256028428,0.962225857454988,0.8204394928066803,0.6399905176976008,0.7709574145291134
2,16,4,offset_drift,0.14459815066338172,0.0,0.0,1.0,twist,medium,twist,1,0.0,0.0,0.0,0.0,-0.028021632506910407,0.0,0.005241187273271286,3.4316602556471253e-18,0.5738625256028428,0.962225857454988,0.8204394928066803,0.6399905176976008,0.7709574145291134,0.7228748485644271,1.1124938083724731,0.8204394928066804,0.7763483313153524,0.8743772780546095
2,16,5,offset_drift,0.14459815066338172,0.0,0.0,1.0,mixed,medium,offset+twist+bend,3,0.4627980188539741,0.0,0.07592072131075524,0.0,-0.04256927724283938,0.0,0.517853289731613,0.0,0.7228748485644271,1.1124938083724731,0.8204394928066804,0.7763483313153524,0.8743772780546095,1.3848269971728762,1.748930637509959,0.8204394928066803,1.4147164349848593,1.3277307817453405
2,17,1,offset_drift,0.14459815066338172,0.0,0.0,1.0,waviness,low,waviness,1,0.0,0.0,0.0,0.046471280701530976,0.0,0.0,0.03269707900206939,3.414654309804484e-17,0.0,0.0,0.0,0.0,0.0,0.14459815066338175,0.1910694313649127,2.7755575615628914e-17,0.14824885885070957,0.11552516049355929
2,17,2,offset_drift,0.14459815066338172,0.0,0.0,1.0,offset,high,offset,1,-0.6074341081041361,0.0,0.0,0.0,0.0,0.0,0.6074341081041362,0.0,0.14459815066338175,0.1910694313649127,2.7755575615628914e-17,0.14824885885070957,0.11552516049355929,0.31823780677737273,0.3647090874789037,5.551115123125783e-17,0.31991311420093416,0.2368753796969764
2,17,3,offset_drift,0.14459815066338172,0.0,0.0,1.0,waviness,medium,waviness,1,0.0,0.0,0.0,0.07031187922955821,0.0,-0.015369193219670918,0.04997148876085353,5.166435110130242e-17,0.31823780677737273,0.3647090874789037,5.551115123125783e-17,0.31991311420093416,0.2368753796969764,0.1782167494025076,0.30249905901917745,1.1102230246251565e-16,0.196320249611724,0.16384676748767796
2,17,4,offset_drift,0.14459815066338172,0.0,0.0,1.0,bend,medium,bend,1,0.0,0.0,0.18156384473879206,0.0,0.0,0.0,0.127747875370006,2.223515813002487e-17,0.1782167494025076,0.30249905901917745,1.1102230246251565e-16,0.196320249611724,0.16384676748767796,0.10375046351017798,0.2510642044110526,8.326672684688674e-17,0.1266310661605093,0.11910750699242012
2,17,5,offset_drift,0.14459815066338172,0.0,0.0,1.0,offset,low,offset,1,-0.265455358464269,0.0,0.0,0.0,0.0,0.0,0.26545535846426904,0.0,0.10375046351017798,0.2510642044110526,8.326672684688674e-17,0.1266310661605093,0.11910750699242012,0.087541510243655,0.2234310175084589,1.1102230246251565e-16,0.10539361848333999,0.10383112017396819
2,18,1,offset_drift,0.14459815066338172,0.0,0.0,1.0,mixed,medium,waviness+bend+tilt+offset,4,-0.030885783961112297,-0.0028622428987214754,0.14619539181093458,0.05149551936107538,0.0,0.0,0.08739143086381936,0.04995556261607203,0.0,0.0,0.0,0.0,0.0,0.20585417081824225,0.31070511117087773,0.049955562616072036,0.21508347641434267,0.19146280102299187
2,18,2,offset_drift,0.14459815066338172,0.0,0.0,1.0,mixed,high,twist+offset+tilt,3,-1.1031341741751644,-0.03313339761394961,0.0,0.0,0.03268665013295017,0.02332021903341003,1.114221251498962,0.5782869451986029,0.20585417081824225,0.31070511117087773,0.049955562616072036,0.21508347641434267,0.19146280102299187,0.7508859075466122,1.158940949621949,0.6282425078146749,0.77781495824141,0.8392023053191118
2,18,3,offset_drift,0.14459815066338172,0.0,0.0,1.0,waviness,high,waviness,1,0.0,0.0,0.0,0.07522875208323175,0.0,0.0,0.05293076525888569,5.527719026554772e-17,0.7508859075466122,1.158940949621949,0.6282425078146749,0.77781495824141,0.8392023053191118,0.6062877568832303,1.0691878133307104,0.6282425078146749,0.6483354416278322,0.755948967571368
2,18,4,offset_drift,0.14459815066338172,0.0,0.0,1.0,tilt,medium,tilt,1,0.0,-0.001301622296536809,0.0,0.0,0.0,0.0,0.006623260091903366,0.022717594695845406,0.6062877568832303,1.0691878133307104,0.6282425078146749,0.6483354416278322,0.755948967571368,0.46168960621984867,0.9345854043335007,0.6509601025105203,0.5183463755936469,0.6660051714785254
2,18,5,offset_drift,0.14459815066338172,0.0,0.0,1.0,mixed,high,twist+offset+waviness,3,-0.04775673749281987,0.0,0.0,0.19595707032564666,-0.26643771372971364,0.0,0.14058762226788318,1.1102230246251565e-16,0.46168960621984867,0.9345854043335007,0.6509601025105203,0.5183463755936469,0.6660051714785254,0.36910957647398895,0.976516652676052,0.6509601025105205,0.4649282087926333,0.6454687203774317
2,19,1,offset_drift,0.14459815066338172,0.0,0.0,1.0,twist,low,twist,1,0.0,0.0,0.0,0.0,-0.04238034264628813,0.09344271669083751,0.04541166392671085,5.1906179007743525e-18,0.0,0.0,0.0,0.0,0.0,0.17910234999910218,0.23804086735421923,0.0,0.18151950645590212,0.14329491585158663
2,19,2,offset_drift,0.14459815066338172,0.0,0.0,1.0,mixed,high,waviness+bend+tilt,3,0.0,-0.05837402994672756,0.25121101195726986,0.1028383691855307,0.0,0.0,0.3683478569496129,1.0188193727370431,0.17910234999910218,0.23804086735421923,0.0,0.18151950645590212,0.14329491585158663,0.5286546905971615,0.8909890143899044,1.0188193727370434,0.5897727620886344,0.7905161995260961
2,19,3,offset_drift,0.14459815066338172,0.0,0.0,1.0,bend,medium,bend,1,0.0,0.0,0.16471240753715194,0.0,0.0,0.0,0.11589124552975533,2.017145226702275e-17,0.5286546905971615,0.8909890143899044,1.0188193727370434,0.5897727620886344,0.7905161995260961,0.7379748301418949,1.0995023170913132,1.0188193727370434,0.8138738375003091,0.9382763397411065
2,19,4,offset_drift,0.14459815066338172,0.0,0.0,1.0,mixed,medium,offset+bend+twist,3,0.08087527651406233,0.0,0.2160527437535446,0.0,-0.04665120575233869,0.0,0.23395965862116988,2.7755575615628914e-17,0.7379748301418949,1.0995023170913132,1.0188193727370434,0.8138738375003091,0.9382763397411065,1.099433224675914,1.534699556813881,1.0188193727370434,1.1672259642451928,1.2126082426925708
2,19,5,offset_drift,0.14459815066338172,0.0,0.0,1.0,tilt,medium,tilt,1,0.0,-0.0046708644044686325,0.0,0.0,0.0,0.0,0.023767532217549736,0.0815219629527755,1.099433224675914,1.534699556813881,1.0188193727370434,1.1672259642451928,1.2126082426925708,1.2440313753392955,1.6866346841430127,1.100341335689819,1.3102822789438429,1.3403304464460222
2,20,1,offset_drift,0.14459815066338172,0.0,0.0,1.0,waviness,low,waviness,1,0.0,0.0,0.0,0.06059582638990684,0.0,0.0,0.04263507466884148,4.452509089805288e-17,0.0,0.0,0.0,0.0,0.0,0.14459815066338175,0.20519397705328857,5.551115123125783e-17,0.15075269406311692,0.12001290772131279
2,20,2,offset_drift,0.14459815066338172,0.0,0.0,1.0,mixed,low,twist+waviness+tilt,3,0.0,-2.7716576661186847e-05,0.0,0.05137232875678069,-0.06479533020740241,-0.016885040899548263,0.03836221746096013,0.00048374552011919484,0.14459815066338175,0.20519397705328857,5.551115123125783e-17,0.15075269406311692,0.12001290772131279,0.29437480790113113,0.41531472665834385,0.00048374552011920535,0.30496609260962604,0.24354859328484085
2,20,3,offset_drift,0.14459815066338172,0.0,0.0,1.0,mixed,medium,twist+waviness,2,0.0,0.0,0.0,0.0022959449335361592,-0.012339602272952156,0.0,0.0028171774900657316,1.758675256919577e-19,0.29437480790113113,0.41531472665834385,0.00048374552011920535,0.30496609260962604,0.24354859328484085,0.440916782876343,0.5652937228234998,0.00048374552011920535,0.4483765845372525,0.34684593381971385
2,20,4,offset_drift,0.14459815066338172,0.0,0.0,1.0,twist,medium,twist,1,0.0,0.0,0.0,0.0,0.022873555872156153,0.0,0.004278287137697628,2.8012026983954178e-18,0.440916782876343,0.5652937228234998,0.00048374552011920535,0.4483765845372525,0.34684593381971385,0.5819117238884898,0.7041734845188425,0.00048374552011920535,0.587540696214619,0.44472475579969734
2,20,5,offset_drift,0.14459815066338172,0.0,0.0,1.0,offset,low,offset,1,0.016932477631075606,0.0,0.0,0.0,0.0,0.0,0.016932477631075603,0.0,0.5819117238884898,0.7041734845188425,0.00048374552011920535,0.587540696214619,0.44472475579969734,0.7434423521829471,0.8657041128132998,0.00048374552011920535,0.7478565011610172,0.5576747132710116
3,21,1,disturbed,0.17380912755253683,0.015530462240703754,0.1392735490883989,1.5,mixed,high,offset+waviness,2,0.5957705502309404,0.0,0.0,0.12815573341575273,0.0,0.0,0.6025555477547828,1.1102230246251565e-16,0.0,0.0,0.0,0.0,0.0,0.8314846035116713,1.0185869297196108,0.2710577070953454,0.839284525957032,0.7202672246936914
3,21,2,disturbed,0.17380912755253683,0.015530462240703754,0.1392735490883989,1.5,mixed,medium,waviness+twist+tilt+bend,4,0.0,-0.025270739664316682,0.12611460855113132,0.14481035320266458,-0.13867368131355684,0.0,0.21277147154048676,0.44105764015656773,0.8314846035116713,1.0185869297196108,0.2710577070953454,0.839284525957032,0.7202672246936914,1.1685291423141804,1.5875798340275673,0.1010577740341232,1.1900955413697192,0.9761595792497331
3,21,3,disturbed,0.17380912755253683,0.015530462240703754,0.1392735490883989,1.5,mixed,low,twist+offset+waviness,3,0.10358992797226596,0.0,0.0,0.04646847037658587,0.02384706941728861,0.0,0.10507831968854754,2.7755575615628914e-17,1.1685291423141804,1.5875798340275673,0.1010577740341232,1.1900955413697192,0.9761595792497331,1.50407655894914,2.018029605897837,0.3721154811294687,1.5305873057978285,1.3213252243727165
3,21,4,disturbed,0.17380912755253683,0.015530462240703754,0.1392735490883989,1.5,mixed,high,tilt+bend+twist,3,0.0,0.039004041800535065,0.18101961617508083,0.0,-0.19703518832939826,0.0,0.25165783331141917,0.6807490561622169,1.50407655894914,2.018029605897837,0.3721154811294687,1.5305873057978285,1.3213252243727165,1.8849193204388281,2.553733444096827,1.323922244387031,1.944265286195852,1.9231990312963911
3,21,5,disturbed,0.17380912755253683,0.015530462240703754,0.1392735490883989,1.5,bend,medium,bend,1,0.0,0.0,0.07787787577364723,0.0,0.0,0.0,0.05479468218314887,9.537289129059228e-18,1.8849193204388281,2.553733444096827,1.323922244387031,1.944265286195852,1.9231990312963911,2.1697170547139883,2.906624017334255,1.5949799514823768,2.244158745000626,2.2258121815592484
3,22,1,disturbed,0.17380912755253683,0.015530462240703754,0.1392735490883989,1.5,mixed,high,offset+tilt+waviness+twist,4,0.16226067601768873,0.029575149190625864,0.0,0.07638588117218295,0.19373340034053918,0.13126232465481852,0.23329629818248648,0.5161837759899308,0.0,0.0,0.0,0.0,0.0,0.40890751198264547,0.7326528576694269,0.7872414830852764,0.4754644475483997,0.6261870005760446
3,22,2,disturbed,0.17380912755253683,0.015530462240703754,0.1392735490883989,1.5,offset,low,offset,1,-0.13311253924050961,0.0,0.0,0.0,0.0,0.0,0.13311253924050961,0.0,0.40890751198264547,0.7326528576694269,0.7872414830852764,0.4754644475483997,0.6261870005760446,0.5222981252943276,0.9118183163034665,1.058299190180622,0.6104425726275672,0.8087689467962815
3,22,3,disturbed,0.17380912755253683,0.015530462240703754,0.1392735490883989,1.5,mixed,low,tilt+waviness,2,0.0,-0.015370497796209697,0.0,0.0560875368002531,0.0,0.0,0.09617935391811011,0.26826580064977845,0.5222981252943276,0.9118183163034665,1.058299190180622,0.6104425726275672,0.8087689467962815,0.7448631762754688,1.128688239044091,1.061091096626189,0.8277277467166653,0.9631655282553911
3,22,4,disturbed,0.17380912755253683,0.015530462240703754,0.1392735490883989,1.5,tilt,medium,tilt,1,0.0,-0.023337343338598875,0.0,0.0,0.0,0.0,0.11875127194590872,0.407313502451933,0.7448631762754688,1.128688239044091,1.061091096626189,0.8277277467166653,0.9631655282553911,0.9805772295562001,1.4438244021341338,0.9248353012696018,1.045074893847467,1.1092785692727274
3,22,5,disturbed,0.17380912755253683,0.015530462240703754,0.1392735490883989,1.5,mixed,medium,waviness+bend+twist,3,0.0,0.0,0.16900296731981146,0.03100819589862263,-0.017255968163342177,0.0,0.12306957610283904,2.5688202454371926e-20,0.9805772295562001,1.4438244021341338,0.9248353012696018,1.045074893847467,1.1092785692727274,1.3255261843374677,1.9317365797233448,1.1958930083649473,1.4106399768181366,1.4770107294095416
3,23,1,disturbed,0.17380912755253683,0.015530462240703754,0.1392735490883989,1.5,offset,high,offset,1,-0.6093198481177655,0.0,0.0,0.0,0.0,0.0,0.6093198481177655,0.0,0.0,0.0,0.0,0.0,0.0,0.37360579483703454,0.5680995573385619,0.27105770709534555,0.38486489761423986,0.40231540754270656
3,23,2,disturbed,0.17380912755253683,0.015530462240703754,0.1392735490883989,1.5,offset,extreme,offset,1,-0.5156574519656196,0.0,0.0,0.0,0.0,0.0,0.5156574519656196,0.0,0.37360579483703454,0.5680995573385619,0.27105770709534555,0.38486489761423986,0.40231540754270656,0.6535491935219229,1.0425367185249779,0.542115414190691,0.6791799071471301,0.7393783885859906
3,23,3,disturbed,0.17380912755253683,0.015530462240703754,0.1392735490883989,1.5,waviness,extreme,waviness,1,0.0,0.0,0.0,0.10893670102404007,0.0,0.0,0.07664759537153246,8.004538933125772e-17,0.6535491935219229,1.0425367185249779,0.542115414190691,0.6791799071471301,0.7393783885859906,0.4178351402411919,1.0013164277457742,0.8131731212860365,0.4980360307369103,0.7195010098555918
3,23,4,disturbed,0.17380912755253683,0.015530462240703754,0.1392735490883989,1.5,bend,medium,bend,1,0.0,0.0,0.14544737097102695,0.0,0.0,0.0,0.10233641310269048,1.7812165730406582e-17,0.4178351402411919,1.0013164277457742,0.8131731212860365,0.4980360307369103,0.7195010098555918,0.3121596406079535,0.9600961369665706,1.084230828381382,0.3959210267061824,0.7465380844573901
3,23,5,disturbed,0.17380912755253683,0.015530462240703754,0.1392735490883989,1.5,waviness,medium,waviness,1,0.0,0.0,0.0,0.03633013819926715,0.0,0.0,0.02556179603671655,2.66949524749881e-17,0.3121596406079535,0.9600961369665706,1.084230828381382,0.3959210267061824,0.7465380844573901,0.46854524742707665,0.918875846187367,1.3552885354767275,0.49693431158606094,0.8725063198859575
3,24,1,disturbed,0.17380912755253683,0.015530462240703754,0.1392735490883989,1.5,mixed,medium,bend+twist,2,0.0,0.0,0.21041637368268268,0.0,0.08319095375562065,-0.014639181479408448,0.1320009006766437,1.5580747548269228e-17,0.0,0.0,0.0,0.0,0.0,0.3508675437081606,0.5146097949938673,0.27105770709534555,0.3765100524982075,0.3786115189890327
3,24,2,disturbed,0.17380912755253683,0.015530462240703754,0.1392735490883989,1.5,tilt,extreme,tilt,1,0.0,-0.05269349160843676,0.0,0.0,0.0,0.0,0.26812908732241586,0.9196751822269305,0.3508675437081606,0.5146097949938673,0.27105770709534555,0.3765100524982075,0.3786115189890327,0.5865815969888917,0.8285558087072823,0.3775597680362393,0.6176028837726023,0.5995694404969841
3,24,3,disturbed,0.17380912755253683,0.015530462240703754,0.1392735490883989,1.5,mixed,medium,bend+offset,2,-0.19514012511090964,0.0,0.06962266599763474,0.0,0.0,0.0,0.15281869622940888,0.0,0.5865815969888917,0.8285558087072823,0.3775597680362393,0.6176028837726023,0.5995694404969841,0.6710362383119853,1.0097888198886882,0.10650206094089376,0.7092689709484549,0.6071250328373156
3,24,4,disturbed,0.17380912755253683,0.015530462240703754,0.1392735490883989,1.5,offset,medium,offset,1,0.32623367503084516,0.0,0.0,0.0,0.0,0.0,0.3262336750308452,0.0,0.6710362383119853,1.0097888198886882,0.10650206094089376,0.7092689709484549,0.6071250328373156,1.2329839666235618,1.649470944850585,0.16455564615445173,1.2642500555446379,1.0405281728430433
3,24,5,disturbed,0.17380912755253683,0.015530462240703754,0.1392735490883989,1.5,offset,low,offset,1,-0.17027341922330108,0.0,0.0,0.0,0.0,0.0,0.17027341922330108,0.0,1.2329839666235618,1.649470944850585,0.16455564615445173,1.2642500555446379,1.0405281728430433,1.2984246006809916,1.795501104381096,0.4356133532497972,1.3440128290230422,1.1932630003958697
3,25,1,disturbed,0.17380912755253683,0.015530462240703754,0.1392735490883989,1.5,twist,extreme,twist,1,0.0,0.0,0.0,0.0,-0.4187255337945148,0.0,0.07831873957294681,5.1279088468271944e-17,0.0,0.0,0.0,0.0,0.0,0.301674758866676,0.41046713543866886,0.2710577070953456,0.3143429661209745,0.32639417703230456
3,25,2,disturbed,0.17380912755253683,0.015530462240703754,0.1392735490883989,1.5,twist,extreme,twist,1,0.0,0.0,0.0,0.0,-0.09064185291585923,0.0,0.016953720516146662,1.1100425504219218e-17,0.301674758866676,0.41046713543866886,0.2710577070953456,0.3143429661209745,0.32639417703230456,0.5516673791117078,0.7259393940992142,0.5421154141906912,0.5787969707454307,0.603796353295027
3,25,3,disturbed,0.17380912755253683,0.015530462240703754,0.1392735490883989,1.5,offset,medium,offset,1,-0.07781476647771647,0.0,0.0,0.0,0.0,0.0,0.07781476647771646,0.0,0.5516673791117078,0.7259393940992142,0.5421154141906912,0.5787969707454307,0.603796353295027,0.7095666659147225,0.9373520220887901,0.8131731212860368,0.7574881224632489,0.8137763550331897
3,25,4,disturbed,0.17380912755253683,0.015530462240703754,0.1392735490883989,1.5,mixed,high,twist+bend,2,0.0,0.0,0.3993537693928693,0.0,-0.06083426862716285,0.0,0.2888155163552309,5.635678077671329e-17,0.7095666659147225,0.9373520220887901,0.8131731212860368,0.7574881224632489,0.8137763550331897,1.2065623869019129,1.6176456648886606,1.0842308283813824,1.2798200438510556,1.3005136684366922
3,25,5,disturbed,0.17380912755253683,0.015530462240703754,0.1392735490883989,1.5,offset,medium,offset,1,0.7537172180388213,0.0,0.0,0.0,0.0,0.0,0.7537172180388213,0.0,1.2065623869019129,1.6176456648886606,1.0842308283813824,1.2798200438510556,1.3005136684366922,2.195993658221465,2.6930322218285263,1.355288535476728,2.255924332059486,2.0988867578639643
3,26,1,disturbed,0.17380912755253683,0.015530462240703754,0.1392735490883989,1.5,tilt,high,tilt,1,0.0,0.06551766462430754,0.0,0.0,0.0,0.0,0.33338451841187594,1.143499464321068,0.0,0.0,0.0,0.0,0.0,0.4162180390553838,0.8840277300350832,1.4145571714164136,0.47742883218064347,0.8621837653701284
3,26,2,disturbed,0.17380912755253683,0.015530462240703754,0.1392735490883989,1.5,mixed,high,offset+bend,2,-0.023050387312665344,0.0,0.2503560057617092,0.0,0.0,0.0,0.15583911556855817,3.122502256758253e-17,0.4162180390553838,0.8840277300350832,1.4145571714164136,0.47742883218064347,0.8621837653701284,0.7088401866329469,1.173255340596967,1.685614878511759,0.7989637156299394,1.1502094932854958
3,26,3,disturbed,0.17380912755253683,0.015530462240703754,0.1392735490883989,1.5,mixed,medium,tilt+twist,2,0.0,0.009399869108676616,0.0,0.0,0.12796350653018915,-0.02021018887837367,0.05524092769330531,0.16405866667480473,0.7088401866329469,1.173255340596967,1.685614878511759,0.7989637156299394,1.1502094932854958,0.9247534786431727,1.567559238973403,2.1207312522819093,1.0467806163145699,1.4885912526010023
3,26,4,disturbed,0.17380912755253683,0.015530462240703754,0.1392735490883989,1.5,mixed,medium,tilt+twist+waviness+bend,4,0.0,-0.01024685510466609,0.16273506634761006,0.09393675918983768,-0.020915483135211257,0.0,0.1502639137954492,0.17884136145791268,0.9247534786431727,1.567559238973403,2.1207312522819093,1.0467806163145699,1.4885912526010023,1.1978008350295262,1.7973491493580454,2.2129475979193423,1.3555278942590814,1.6979820641179821
3,26,5,disturbed,0.17380912755253683,0.015530462240703754,0.1392735490883989,1.5,tilt,high,tilt,1,0.0,-0.05571647653650872,0.0,0.0,0.0,0.0,0.2835114554695579,0.9724362696944516,1.1978008350295262,1.7973491493580454,2.2129475979193423,1.3555278942590814,1.6979820641179821,1.392994851076373,1.9364553704444953,1.511569035320236,1.501902681415876,1.602496045193919
3,27,1,disturbed,0.17380912755253683,0.015530462240703754,0.1392735490883989,1.5,waviness,medium,waviness,1,0.0,0.0,0.0,0.03530931642814393,0.0,0.0,0.024843548344947026,2.594486480628451e-17,0.0,0.0,0.0,0.0,0.0,0.23571405328073108,0.3308039363875275,0.27105770709534555,0.2524193920409498,0.2765146482331762
3,27,2,disturbed,0.17380912755253683,0.015530462240703754,0.1392735490883989,1.5,twist,extreme,twist,1,0.0,0.0,0.0,0.0,-0.17140812425091012,0.0,0.03206030480692457,2.099144107117289e-17,0.23571405328073108,0.3308039363875275,0.27105770709534555,0.2524193920409498,0.2765146482331762,0.49842956672152433,0.667980754889063,0.5421154141906911,0.5286205169624245,0.565419772436626
3,27,3,disturbed,0.17380912755253683,0.015530462240703754,0.1392735490883989,1.5,mixed,medium,bend+waviness+offset,3,-0.21399388696297122,0.0,0.10972811240520866,0.07947955552169096,0.0,0.0,0.15900458597188374,5.551115123125783e-17,0.49842956672152433,0.667980754889063,0.5421154141906911,0.5286205169624245,0.565419772436626,0.5923242217342446,0.9081670185264157,0.8131731212860366,0.6543305795072327,0.7595323664147323
3,27,4,disturbed,0.17380912755253683,0.015530462240703754,0.1392735490883989,1.5,offset,extreme,offset,1,-0.6722683388311681,0.0,0.0,0.0,0.0,0.0,0.6722683388311681,0.0,0.5923242217342446,0.9081670185264157,0.8131731212860366,0.6543305795072327,0.7595323664147323,0.3814955687035179,0.7213810626773248,1.0842308283813822,0.403451203712939,0.6964773582999614
3,27,5,disturbed,0.17380912755253683,0.015530462240703754,0.1392735490883989,1.5,mixed,high,twist+tilt+offset+waviness,4,-1.3205695326650873,-0.01491030971607816,0.0,0.11253354304893727,-0.030854688640465477,0.0,1.321435950775061,0.2602340029121639,0.3814955687035179,0.7213810626773248,1.0842308283813822,0.403451203712939,0.6964773582999614,0.9272418130268439,1.8706133031071264,1.0950545325645635,1.0144309130040807,1.269315985909968
3,28,1,disturbed,0.17380912755253683,0.015530462240703754,0.1392735490883989,1.5,mixed,high,bend+offset+waviness+tilt,4,0.09520887806968133,-0.00907998977609325,0.06524611612591194,0.05644715531485196,0.0,0.0,0.15379101079795762,0.15847571896693224,0.0,0.0,0.0,0.0,0.0,0.3720452593316981,0.5091755600566114,0.11258198812841333,0.3807268267099628,0.3362135249260131
3,28,2,disturbed,0.17380912755253683,0.015530462240703754,0.1392735490883989,1.5,tilt,medium,tilt,1,0.0,0.004225174810527232,0.0,0.0,0.0,0.0,0.021499656101659183,0.07374321204970113,0.3720452593316981,0.5091755600566114,0.11258198812841333,0.3807268267099628,0.3362135249260131,0.607759312612429,0.7996577921511792,0.45738290727346,0.6318951381265931,0.6226295174237798
3,28,3,disturbed,0.17380912755253683,0.015530462240703754,0.1392735490883989,1.5,mixed,extreme,tilt+twist+waviness,3,0.0,0.07029422211655906,0.0,0.11460137347189953,0.2650192885508378,0.0,0.34953425183537057,1.226866236621615,0.607759312612429,0.7996577921511792,0.45738290727346,0.6318951381265931,0.6226295174237798,0.83547825902582,1.6031097365455207,1.9553068509904206,0.9897527970034949,1.4171437336688777
3,28,4,disturbed,0.17380912755253683,0.015530462240703754,0.1392735490883989,1.5,mixed,high,waviness+twist+tilt,3,0.0,0.02047947068833773,0.0,0.15647907017208829,-0.06258185405006551,0.0,0.13137688518797233,0.3574342077989993,0.83547825902582,1.6031097365455207,1.9553068509904206,0.9897527970034949,1.4171437336688777,1.0884633441845564,2.0941048383195695,2.583798765884765,1.295679918870421,1.8594780764037093
3,28,5,disturbed,0.17380912755253683,0.015530462240703754,0.1392735490883989,1.5,waviness,high,waviness,1,0.0,0.0,0.0,0.10676391191749782,0.0,0.0,0.07511882629095261,7.844884979652819e-17,1.0884633441845564,2.0941048383195695,2.583798765884765,1.295679918870421,1.8594780764037093,1.3070088961873416,2.4063828361941186,2.854856472980111,1.5414682897749405,2.1246212905859654
3,29,1,disturbed,0.17380912755253683,0.015530462240703754,0.1392735490883989,1.5,mixed,medium,bend+waviness+tilt+offset,4,-0.17180907715016913,0.021645395434296836,0.13127849640996916,0.10034366307804451,0.0,0.0,0.15087833567178896,0.3777834361970844,0.0,0.0,0.0,0.0,0.0,0.23121890430592276,0.4104690060855272,0.6488411432924299,0.2512515494058811,0.41228387104575204
3,29,2,disturbed,0.17380912755253683,0.015530462240703754,0.1392735490883989,1.5,mixed,high,bend+offset,2,-0.30847593773340576,0.0,0.39745937484185856,0.0,0.0,0.0,0.13716058220731575,5.551115123125783e-17,0.23121890430592276,0.4104690060855272,0.6488411432924299,0.2512515494058811,0.41228387104575204,0.438854759465818,0.6955494730214911,0.9198988503877755,0.48861004960292814,0.6651519298228181
3,29,3,disturbed,0.17380912755253683,0.015530462240703754,0.1392735490883989,1.5,tilt,extreme,tilt,1,0.0,-0.03749089467736156,0.0,0.0,0.0,0.0,0.19077114965177586,0.6543396450257876,0.438854759465818,0.6955494730214911,0.9198988503877755,0.48861004960292814,0.6651519298228181,0.5738726272409931,1.0205666818144878,0.5366169124573336,0.6558564851651011,0.7049025149703545
3,29,4,disturbed,0.17380912755253683,0.015530462240703754,0.1392735490883989,1.5,waviness,extreme,waviness,1,0.0,0.0,0.0,0.1652334148986044,0.0,0.02880189803253824,0.11700673268122869,1.2141116156058965e-16,0.5738726272409931,1.0205666818144878,0.5366169124573336,0.6558564851651011,0.7049025149703545,0.8104072592438567,1.4785709286456192,0.8076746195526789,0.9192552821734655,1.0209213704499929
3,29,5,disturbed,0.17380912755253683,0.015530462240703754,0.1392735490883989,1.5,offset,medium,offset,1,-0.12556277260144255,0.0,0.0,0.0,0.0,0.0,0.12556277260144255,0.0,0.8104072592438567,1.4785709286456192,0.8076746195526789,0.9192552821734655,1.0209213704499929,0.9259460645434929,1.642766362639108,1.0787323266480244,1.052019531670041,1.1994353793161916
3,30,1,disturbed,0.17380912755253683,0.015530462240703754,0.1392735490883989,1.5,mixed,extreme,offset+twist,2,-0.567121266178825,0.0,0.0,0.0,0.15353880319659705,0.0,0.5915105014044633,0.0,0.0,0.0,0.0,0.0,0.0,0.3555937670398795,0.5305195989050828,0.27105770709534555,0.3689850725706494,0.3840498291691573
3,30,2,disturbed,0.17380912755253683,0.015530462240703754,0.1392735490883989,1.5,mixed,medium,tilt+offset+bend,3,0.23847457717724066,-0.011435998450289779,0.11398423476608711,0.0,0.0,0.0,0.31773011353093,0.19959582886105812,0.3555937670398795,0.5305195989050828,0.27105770709534555,0.3689850725706494,0.3840498291691573,0.22615293920405397,0.4165675438477201,0.342519585329633,0.25600746690061593,0.3211727672044837
3,30,3,disturbed,0.17380912755253683,0.015530462240703754,0.1392735490883989,1.5,offset,low,offset,1,0.07443794988075446,0.0,0.0,0.0,0.0,-0.0598353118808419,0.06034958646303307,0.0,0.22615293920405397,0.4165675438477201,0.342519585329633,0.25600746690061593,0.3211727672044837,0.48445266667627906,0.7552537892109531,0.6135772924249786,0.5412225508604631,0.6101073795797095
3,30,4,disturbed,0.17380912755253683,0.015530462240703754,0.1392735490883989,1.5,mixed,high,tilt+offset+twist+waviness,4,-0.5713272983553728,0.014444807626321278,0.0,0.1186044815189302,-0.10242377437842314,0.0,0.5635425223707653,0.2521094582377827,0.48445266667627906,0.7552537892109531,0.6135772924249786,0.5412225508604631,0.6101073795797095,0.3959572704438136,0.6869218524749675,1.1367444577581067,0.4157868004999254,0.7074657542530589
3,30,5,disturbed,0.17380912755253683,0.015530462240703754,0.1392735490883989,1.5,mixed,high,bend+tilt+waviness,3,0.0,-0.03986895470847745,0.025755963924910447,0.09089995056554954,0.0,0.0,0.22847541102183244,0.6958446413006656,0.3959572704438136,0.6869218524749675,1.1367444577581067,0.4157868004999254,0.7074657542530589,0.4433200355277428,0.9324246256382771,0.7119575235527869,0.5398158880453855,0.6802922442201805
4,31,1,normal,0.0,0.0,0.0,1.0,mixed,medium,twist+tilt+waviness+offset,4,0.5097078914981431,0.018332260505386125,0.0,0.06721579781251102,0.0705432690211182,-0.029296271735965048,0.4987025031058138,0.31995831607070563,0.0,0.0,0.0,0.0,0.0,0.48987068934955885,0.6696820733661432,0.31995831607070563,0.4987025031058138,0.49372357394650374
4,31,2,normal,0.0,0.0,0.0,1.0,bend,low,bend,1,0.0,0.0,0.05678460523110744,0.0,0.0,0.042130323212632215,0.057422087217868546,6.954140496957806e-18,0.48987068934955885,0.6696820733661432,0.31995831607070563,0.4987025031058138,0.49372357394650374,0.5382068398770062,0.6808953884035994,0.31995831607070563,0.5468074732666262,0.516398910632056
4,31,3,normal,0.0,0.0,0.0,1.0,mixed,medium,waviness+offset,2,0.06841183688506096,0.0,0.0,0.07013543560473473,0.0,0.0,0.08435234262847652,5.551115123125783e-17,0.5382068398770062,0.6808953884035994,0.31995831607070563,0.5468074732666262,0.516398910632056,0.6066186767620673,0.8194426608933951,0.3199583160707056,0.6181183203334881,0.5856177281511993
4,31,4,normal,0.0,0.0,0.0,1.0,mixed,low,twist+waviness+bend+offset,4,-0.030616295964114623,0.0,0.06222704629891061,0.017718954263974008,0.002719092906099377,0.0517492703400659,0.044783696662631434,6.938893903907228e-18,0.6066186767620673,0.8194426608933951,0.3199583160707056,0.6181183203334881,0.5856177281511993,0.6302049935769495,0.8557745001591376,0.31995831607070563,0.6452310695787561,0.6063044498999135
4,31,5,normal,0.0,0.0,0.0,1.0,tilt,high,tilt,1,0.0,-0.027811478439728202,0.0,0.0,0.0,0.0,0.14151775839432582,0.4854019067433256,0.6302049935769495,0.8557745001591376,0.31995831607070563,0.6452310695787561,0.6063044498999135,0.6302049935769496,0.8796665218319557,0.16544359067262,0.6463992754555072,0.5672344593700083
4,32,1,normal,0.0,0.0,0.0,1.0,mixed,low,offset+tilt+bend,3,0.15518791356906422,-0.0008780850602871564,0.12523536592835333,0.0,0.0,0.0,0.23741518134996348,0.01532547541578358,0.0,0.0,0.0,0.0,0.0,0.23411935191895228,0.2805147381584142,0.01532547541578358,0.23741518134996348,0.18272938778294134
4,32,2,normal,0.0,0.0,0.0,1.0,mixed,medium,bend+tilt,2,0.0,-0.001067228600543129,0.17329077537616724,0.0,0.0,0.0,0.12204784105653468,0.018626652953083113,0.23411935191895228,0.2805147381584142,0.01532547541578358,0.23741518134996348,0.18272938778294134,0.3433384215628533,0.4539062715272886,0.033952128368866685,0.3559443672411325,0.2849534831618158
4,32,3,normal,0.0,0.0,0.0,1.0,mixed,medium,bend+tilt,2,0.0,0.007064013640019811,0.15255789024368815,0.0,0.0,0.0,0.11319796745800591,0.12329029704882646,0.3433384215628533,0.4539062715272886,0.033952128368866685,0.3559443672411325,0.2849534831618158,0.4394902842519248,0.6071685971949574,0.08933816867995978,0.4623130692927622,0.38703042196732884
4,32,4,normal,0.0,0.0,0.0,1.0,mixed,medium,twist+offset+tilt+bend,4,0.2836684960314641,0.026976364433376507,0.23564409303390532,0.0,-0.07293055483579962,0.0,0.46992375336981673,0.47082641437085265,0.4394902842519248,0.6071685971949574,0.08933816867995978,0.4623130692927622,0.38703042196732884,0.8831655028443198,1.152276876169978,0.5601645830508124,0.9229429289414813,0.8709763815136812
4,32,5,normal,0.0,0.0,0.0,1.0,offset,low,offset,1,0.1360703404269794,0.0,0.0,0.0,0.0,-0.08573331565182796,0.11451923194703693,0.0,0.8831655028443198,1.152276876169978,0.5601645830508124,0.9229429289414813,0.8709763815136812,0.9937036388111445,1.2409438751417756,0.5601645830508124,1.0246741823092576,0.9409110473320456
4,33,1,normal,0.0,0.0,0.0,1.0,bend,medium,bend,1,0.0,0.0,0.12312125024157537,0.0,0.0,0.0,0.08662780937409628,1.5078004501536557e-17,0.0,0.0,0.0,0.0,0.0,0.07759898572551588,0.12312125024157537,1.5078004501536557e-17,0.08662780937409628,0.06887885172753701
4,33,2,normal,0.0,0.0,0.0,1.0,waviness,medium,waviness,1,0.0,0.0,0.0,0.08854048030918607,0.0,0.07660379523988203,0.07153085266420951,6.50589066127083e-17,0.07759898572551588,0.12312125024157537,1.5078004501536557e-17,0.08662780937409628,0.06887885172753701,0.11047165743431851,0.27053386155132764,4.9981720151581754e-17,0.13361685047323668,0.12766334074301752
4,33,3,normal,0.0,0.0,0.0,1.0,waviness,high,waviness,1,0.0,0.0,0.0,0.08434850593955909,0.0,0.0,0.059347401680742214,6.197827668704552e-17,0.11047165743431851,0.27053386155132764,4.9981720151581754e-17,0.13361685047323668,0.12766334074301752,0.13793194632389205,0.353140523142164,1.1196081496807342e-16,0.1696168945152863,0.16428343029134546
4,33,4,normal,0.0,0.0,0.0,1.0,mixed,high,bend+waviness,2,0.0,0.0,0.2220323553509942,0.17373585120491306,0.0,0.0,0.19836274504574217,1.0046791111636828e-16,0.13793194632389205,0.353140523142164,1.1196081496807342e-16,0.1696168945152863,0.16428343029134546,0.29830167717003614,0.7415903469496059,2.124290869078005e-16,0.36655079660273987,0.34862268689616666
4,33,5,normal,0.0,0.0,0.0,1.0,mixed,extreme,waviness+twist+offset,3,1.177037956512555,0.0,0.0,0.24209740850538056,-0.13305674705951237,0.0,1.210121786102227,2.220446049250313e-16,0.29830167717003614,0.7415903469496059,2.124290869078005e-16,0.36655079660273987,0.34862268689616666,1.4383495289200792,2.1653760341745443,4.440892098500626e-16,1.502081834483042,1.2313258523766915
4,34,1,normal,0.0,0.0,0.0,1.0,mixed,medium,twist+tilt,2,0.0,-0.011275228126842916,0.0,0.0,-0.005504212148742118,0.0,0.057382845593560966,0.19678985726719259,0.0,0.0,0.0,0.0,0.0,0.04968456792389516,0.09839492863359629,0.19678985726719259,0.057382845593560966,0.10919909070676131
4,34,2,normal,0.0,0.0,0.0,1.0,bend,low,bend,1,0.0,0.0,0.06425230965691191,0.0,0.0,0.0,0.04520776731785364,7.868638535916173e-18,0.04968456792389516,0.09839492863359629,0.19678985726719259,0.057382845593560966,0.10919909070676131,0.06644177232401269,0.09988105965697092,0.19678985726719256,0.07348200952256428,0.11628200772670927
4,34,3,normal,0.0,0.0,0.0,1.0,tilt,low,tilt,1,0.0,-0.0075364208363514484,0.0,0.0,0.0,0.0,0.03834881729768358,0.13153535816882606,0.06644177232401269,0.09988105965697092,0.19678985726719256,0.07348200952256428,0.11628200772670927,0.09421651861888482,0.16416260771800933,0.32832521543601867,0.10616335362422778,0.18662763789429665
4,34,4,normal,0.0,0.0,0.0,1.0,mixed,high,waviness+bend+tilt+twist,4,0.0,-0.03177228038056769,0.3682211680667019,0.13097552374132243,0.14832716159216686,0.17259232208961847,0.3753411419421896,0.5545309603479638,0.09421651861888482,0.16416260771800933,0.32832521543601867,0.10616335362422778,0.18662763789429665,0.4296635591055288,0.7529287849864698,0.8828561757839825,0.46457215197622154,0.6660917711604164
4,34,5,normal,0.0,0.0,0.0,1.0,mixed,low,bend+waviness+tilt+twist,4,0.0,-0.004477812845441727,0.08055098517717937,0.03684217077975257,-0.03029373064072574,0.0,0.07191736762275278,0.07815257760016821,0.4296635591055288,0.7529287849864698,0.8828561757839825,0.46457215197622154,0.6660917711604164,0.49405649247165556,0.8751383195040066,0.9610087533841507,0.5332764357373542,0.7523887131816792
4,35,1,normal,0.0,0.0,0.0,1.0,bend,medium,bend,1,0.0,0.0,0.011220663695772237,0.0,0.0,-0.0018315841223910155,0.007185627881854592,1.3741521382424921e-18,0.0,0.0,0.0,0.0,0.0,0.006526537941808941,0.009405547578238123,1.3741521382424921e-18,0.007185627881854592,0.005498188444199578
4,35,2,normal,0.0,0.0,0.0,1.0,waviness,high,waviness,1,0.0,0.0,0.0,0.125441419482632,0.0,0.0,0.08826027475546246,9.21728597099434e-17,0.006526537941808941,0.009405547578238123,1.3741521382424921e-18,0.007185627881854592,0.005498188444199578,0.07915674532888958,0.13459541749467493,9.079870263254959e-17,0.08855229724838432,0.07298087857190781
4,35,3,normal,0.0,0.0,0.0,1.0,mixed,low,bend+waviness,2,0.0,0.0,0.09448649654764875,0.04513193275254136,0.0,0.0,0.07367506054595327,2.1591147634867475e-17,0.07915674532888958,0.13459541749467493,9.079870263254959e-17,0.08855229724838432,0.07298087857190781,0.11792167742754876,0.2711563221974297,1.1238983715585772e-16,0.14081398453243196,0.13080479834073674
4,35,4,normal,0.0,0.0,0.0,1.0,twist,high,twist,1,0.0,0.0,0.0,0.0,0.026247694063668375,0.0,0.004909388489242771,3.214415452007046e-18,0.11792167742754876,0.2711563221974297,1.1238983715585772e-16,0.14081398453243196,0.13080479834073674,0.11702386659370428,0.2701447283532801,1.156042742511286e-16,0.13913951605600683,0.130064530089696
4,35,5,normal,0.0,0.0,0.0,1.0,bend,low,bend,1,0.0,0.0,0.07818257725962319,0.0,0.0,0.0,0.05500906940055723,9.574604299008819e-18,0.11702386659370428,0.2701447283532801,1.156042742511286e-16,0.13913951605600683,0.130064530089696,0.14036626788750983,0.34587105618058933,1.06029678513162e-16,0.17355982056070393,0.16322717927650016
4,36,1,normal,0.0,0.0,0.0,1.0,bend,low,bend,1,0.0,0.0,0.1000148204458934,0.0,0.0,0.0,0.07037018210237157,1.2248282972636061e-17,0.0,0.0,0.0,0.0,0.0,0.06303581720371595,0.1000148204458934,1.2248282972636061e-17,0.07037018210237157,0.05595220950511997
4,36,2,normal,0.0,0.0,0.0,1.0,mixed,low,tilt+waviness+twist,3,0.0,-0.006574807241837829,0.0,0.015904952867664746,-0.06410755572521874,0.0,0.03974239444995907,0.11475203455772323,0.06303581720371595,0.1000148204458934,1.2248282972636061e-17,0.07037018210237157,0.05595220950511997,0.0817231404229545,0.12548960681466897,0.11475203455772323,0.08760652933817525,0.10535008747242156
4,36,3,normal,0.0,0.0,0.0,1.0,waviness,extreme,waviness,1,0.0,0.0,0.0,0.06154853496898917,0.0,0.0891611584070161,0.059577479528250474,4.5224783119801604e-17,0.0817231404229545,0.12548960681466897,0.11475203455772323,0.08760652933817525,0.10535008747242156,0.12027145664837598,0.2577813086620742,0.11475203455772326,0.13458239327043145,0.1612996792874952
4,36,4,normal,0.0,0.0,0.0,1.0,waviness,medium,waviness,1,0.0,0.0,0.0,0.08751945170631652,0.0,0.0,0.06157847133670565,6.430824983716312e-17,0.12027145664837598,0.2577813086620742,0.11475203455772326,0.13458239327043145,0.1612996792874952,0.1426420276400803,0.3445656353076321,0.11475203455772333,0.17224349828420193,0.19781225908005093
4,36,5,normal,0.0,0.0,0.0,1.0,offset,high,offset,1,0.5631766385351746,0.0,0.0,0.0,0.0,0.0,0.5631766385351746,0.0,0.1426420276400803,0.3445656353076321,0.11475203455772333,0.17224349828420193,0.19781225908005093,0.6628641952722315,0.9077422738428067,0.11475203455772331,0.6775833196787527,0.5733658830697037
4,37,1,normal,0.0,0.0,0.0,1.0,tilt,medium,tilt,1,0.0,-0.0012634930162084368,0.0,0.0,0.0,0.0,0.006429240566049406,0.022052113212365915,0.0,0.0,0.0,0.0,0.0,0.005567612741735949,0.011026056606182957,0.022052113212365915,0.006429240566049406,0.012236658824690388
4,37,2,normal,0.0,0.0,0.0,1.0,mixed,medium,waviness+tilt,2,0.0,-0.011165205994508305,0.0,0.06399493963475744,0.0,0.0,0.08100248820428428,0.19486960873424797,0.005567612741735949,0.011026056606182957,0.022052113212365915,0.006429240566049406,0.012236658824690388,0.06995438107580004,0.15526076136471326,0.2169217219466139,0.08649329855647678,0.14129038917178582
4,37,3,normal,0.0,0.0,0.0,1.0,bend,medium,bend,1,0.0,0.0,0.18752217276539032,0.0,0.0,0.0,0.13194014034021823,2.2964842864629224e-17,0.06995438107580004,0.15526076136471326,0.2169217219466139,0.08649329855647678,0.14129038917178582,0.14694677642212872,0.2630896338275958,0.21692172194661385,0.1577634030064524,0.20386377995954674
4,37,4,normal,0.0,0.0,0.0,1.0,mixed,low,waviness+bend,2,0.0,0.0,0.13229003549663682,0.01992430608916583,0.0,0.0,0.09412870761066235,1.5607142466071702e-18,0.14694677642212872,0.2630896338275958,0.21692172194661385,0.1577634030064524,0.20386377995954674,0.22598252043990225,0.4108721076637068,0.21692172194661385,0.24500270969729926,0.28063317598479676
4,37,5,normal,0.0,0.0,0.0,1.0,mixed,medium,tilt+bend,2,0.0,0.009434506802581262,0.13458601206817425,0.0,0.0,0.0,0.10616833186690465,0.1646632084950702,0.22598252043990225,0.4108721076637068,0.21692172194661385,0.24500270969729926,0.28063317598479676,0.28977074170544725,0.5283957040597955,0.05225851345154364,0.3261817515340749,0.2937456629184434
4,38,1,normal,0.0,0.0,0.0,1.0,tilt,low,tilt,1,0.0,0.0007861716755072611,0.0,0.0,0.0,0.0,0.004000407412393933,0.013721284224383288,0.0,0.0,0.0,0.0,0.0,0.003464284630908651,0.006860642112191644,0.013721284224383288,0.004000407412393933,0.007613904031484468
4,38,2,normal,0.0,0.0,0.0,1.0,bend,medium,bend,1,0.0,0.0,0.05912653953186571,0.0,0.0,0.0,0.04160128804301925,7.240912738235878e-18,0.003464284630908651,0.006860642112191644,0.013721284224383288,0.004000407412393933,0.007613904031484468,0.03757201204519205,0.05928429249676046,0.013721284224383295,0.04179318636217383,0.03735259526611813
4,38,3,normal,0.0,0.0,0.0,1.0,twist,high,twist,1,0.0,0.0,0.0,0.0,0.012259351801005142,0.0,0.002292998404790942,1.5013375942722288e-18,0.03757201204519205,0.05928429249676046,0.013721284224383295,0.04179318636217383,0.03735259526611813,0.03569029648407056,0.059253562412708016,0.013721284224383293,0.04028220103502159,0.03662776303985072
4,38,4,normal,0.0,0.0,0.0,1.0,twist,medium,twist,1,0.0,0.0,0.0,0.0,-0.007524642739132063,0.0,0.0014074148517409307,9.215029645205453e-19,0.03569029648407056,0.059253562412708016,0.013721284224383293,0.04028220103502159,0.03662776303985072,0.036842948186911056,0.05927242416882625,0.013721284224383293,0.04120106882498077,0.03707110385653426
4,38,5,normal,0.0,0.0,0.0,1.0,tilt,low,tilt,1,0.0,-0.009999732081098079,0.0,0.0,0.0,0.0,0.050883291765786175,0.17452825090451599,0.036842948186911056,0.05927242416882625,0.013721284224383293,0.04120106882498077,0.03707110385653426,0.056766076799282195,0.081799596320419,0.1608069666801327,0.06228587045349224,0.09604037898529938
4,39,1,normal,0.0,0.0,0.0,1.0,mixed,low,waviness+tilt+twist,3,0.0,0.004729583610121709,0.0,0.03482788771952684,-0.017806419730654315,0.0,0.029826861172139785,0.08254680643247424,0.0,0.0,0.0,0.0,0.0,0.024480514756517795,0.06029369328463423,0.08254680643247424,0.029826861172139785,0.053178990459301856
4,39,2,normal,0.0,0.0,0.0,1.0,mixed,medium,bend+twist+offset+tilt,4,0.1377998399640009,-0.016733800098107696,0.14458133056532124,0.0,-0.1744562364493421,0.0,0.2735663256588874,0.29205991638666806,0.024480514756517795,0.06029369328463423,0.08254680643247424,0.029826861172139785,0.053178990459301856,0.25921097655732267,0.34748698914246073,0.20951310995419387,0.2722951971054616,0.27209284240673937
4,39,3,normal,0.0,0.0,0.0,1.0,twist,medium,twist,1,0.0,0.0,0.0,0.0,0.1344975869549435,0.0,0.025156530079398696,1.6471203935741434e-17,0.25921097655732267,0.34748698914246073,0.20951310995419387,0.2722951971054616,0.27209284240673937,0.2380239339264123,0.33283550456221367,0.20951310995419387,0.25231140687275166,0.25934290522012116
4,39,4,normal,0.0,0.0,0.0,1.0,offset,medium,offset,1,-0.4366179940321188,0.0,0.0,0.0,0.0,0.0,0.4366179940321187,0.0,0.2380239339264123,0.33283550456221367,0.20951310995419387,0.25231140687275166,0.25934290522012116,0.19859406010570654,0.40357470904521486,0.20951310995419387,0.21551160902738184,0.26505572463427274
4,39,5,normal,0.0,0.0,0.0,1.0,twist,medium,twist,1,0.0,0.0,0.0,0.0,-0.05055204660627365,0.0,0.009455292915046203,6.190840206672085e-18,0.19859406010570654,0.40357470904521486,0.20951310995419387,0.21551160902738184,0.26505572463427274,0.19063073235555375,0.40357470904521486,0.20951310995419387,0.2080463629260045,0.2619202016990892
4,40,1,normal,0.0,0.0,0.0,1.0,tilt,medium,tilt,1,0.0,0.003960000918456035,0.0,0.0,0.0,0.0,0.02015032790552674,0.06911505451910899,0.0,0.0,0.0,0.0,0.0,0.017449840497398804,0.034557527259554494,0.06911505451910899,0.02015032790552674,0.038351759473371355
4,40,2,normal,0.0,0.0,0.0,1.0,bend,medium,bend,1,0.0,0.0,0.21943542412027628,0.0,0.0,0.0,0.15439422563787666,2.6873088976843826e-17,0.017449840497398804,0.034557527259554494,0.06911505451910899,0.02015032790552674,0.038351759473371355,0.1402242333070656,0.2205350135762656,0.06911505451910901,0.15570360504824485,0.14453265092555653
4,40,3,normal,0.0,0.0,0.0,1.0,waviness,low,waviness,1,0.0,0.0,0.0,0.048121220551081666,0.0,0.020110409201570912,0.03509316663756529,3.535896686665714e-17,0.1402242333070656,0.2205350135762656,0.06911505451910901,0.15570360504824485,0.14453265092555653,0.1453643883802343,0.2728861470682177,0.06911505451910899,0.16605717220548166,0.16281539421081645
4,40,4,normal,0.0,0.0,0.0,1.0,offset,medium,offset,1,-0.6103107451560397,0.0,0.0,0.0,0.0,0.0,0.6103107451560398,0.0,0.1453643883802343,0.2728861470682177,0.06911505451910899,0.16605717220548166,0.16281539421081645,0.46601925643742326,0.6448648565283229,0.06911505451910904,0.4732112615890869,0.40132087640436526
4,40,5,normal,0.0,0.0,0.0,1.0,mixed,extreme,tilt+waviness,2,0.0,0.009578280785386702,0.0,0.13850254369895088,0.0,0.133670380528192,0.11493284828649974,0.16717253794281073,0.46601925643742326,0.6448648565283229,0.06911505451910904,0.4732112615890869,0.40132087640436526,0.4262109338505234,0.7284284206931371,0.23628759246191972,0.46116201402851575,0.46339428550452566
5,41,1,angular_drift,0.0,0.01880987754302891,0.0,1.0,offset,medium,offset,1,-0.7511455142749281,0.0,0.0,0.0,0.0,0.0,0.751145514274928,0.0,0.0,0.0,0.0,0.0,0.0,0.751145514274928,0.9152926676834299,0.32829430681700345,0.7572190182013823,0.6741416484527466
5,41,2,angular_drift,0.0,0.01880987754302891,0.0,1.0,tilt,low,tilt,1,0.0,-0.005919273177227483,0.0,0.0,0.0,0.0,0.03012001718536269,0.10331080663515504,0.751145514274928,0.9152926676834299,0.32829430681700345,0.7572190182013823,0.6741416484527466,0.7511455142749283,1.027784417774354,0.5532778069988518,0.7682704418441011,0.7764893658988502
5,41,3,angular_drift,0.0,0.01880987754302891,0.0,1.0,tilt,high,tilt,1,0.0,-0.015184268327395448,0.0,0.0,0.0,0.0,0.07726462664500132,0.2650154830236383,0.7511455142749283,1.027784417774354,0.5532778069988518,0.7682704418441011,0.7764893658988502,0.751145514274928,1.0594238296710365,0.6165566307922168,0.7723546208369078,0.8053732545051453
5,41,4,angular_drift,0.0,0.01880987754302891,0.0,1.0,offset,high,offset,1,0.09487022284974721,0.0,0.0,0.0,0.0,0.14426816610745846,0.14674977375745818,0.0,0.751145514274928,1.0594238296710365,0.6165566307922168,0.7723546208369078,0.8053732545051453,0.6133108465516595,1.1286762553185625,0.9448509376092203,0.6742184178624768,0.8734732536300803
5,41,5,angular_drift,0.0,0.01880987754302891,0.0,1.0,tilt,medium,tilt,1,0.0,0.01395084024924457,0.0,0.0,0.0,0.0,0.07098837007272782,0.24348810058091275,0.6133108465516595,1.1286762553185625,0.9448509376092203,0.6742184178624768,0.8734732536300803,0.6211596699767711,1.4145674590175206,1.5166333450071365,0.7577613837748233,1.1414842805779108
5,42,1,angular_drift,0.0,0.01880987754302891,0.0,1.0,bend,low,bend,1,0.0,0.0,0.10486557424182091,0.0,0.0,0.0,0.07378316056327733,1.2842328983599512e-17,0.0,0.0,0.0,0.0,0.0,0.10943072057243518,0.16416704652106687,0.3282943068170035,0.12085120062798382,0.19265274223595003
5,42,2,angular_drift,0.0,0.01880987754302891,0.0,1.0,mixed,medium,offset+bend+tilt+waviness,4,0.5250298997732205,-0.041204692401560994,0.19315029682609028,0.04508280856330815,0.0,0.0,0.6857974511996902,0.719157673658539,0.10943072057243518,0.16416704652106687,0.3282943068170035,0.12085120062798382,0.19265274223595003,0.7128588024167627,0.8639148671046948,0.06256906002453211,0.7200620958935008,0.563809028453147
5,42,3,angular_drift,0.0,0.01880987754302891,0.0,1.0,bend,extreme,bend,1,0.0,0.0,0.3780730212858312,0.0,0.0,0.0,0.2660112495054742,4.630059153616623e-17,0.7128588024167627,0.8639148671046948,0.06256906002453211,0.7200620958935008,0.563809028453147,0.9511449059480197,1.2160199255302406,0.26572524679247145,0.9773132152307208,0.8275983450042915
5,42,4,angular_drift,0.0,0.01880987754302891,0.0,1.0,twist,medium,twist,1,0.0,0.0,0.0,0.0,0.09065581760537325,0.13216367422793013,0.058991159390044054,1.1102907872609369e-17,0.9511449059480197,1.2160199255302406,0.26572524679247145,0.9773132152307208,0.8275983450042915,0.9762237501497546,1.3349413085742852,0.5940195536094749,1.02275965933632,0.9738313496336863
5,42,5,angular_drift,0.0,0.01880987754302891,0.0,1.0,bend,medium,bend,1,0.0,0.0,0.17090768157567693,0.0,0.0,0.10029490416298173,0.16151777321628008,2.0928490060759253e-17,0.9762237501497546,1.3349413085742852,0.5940195536094749,1.02275965933632,0.9738313496336863,1.113809625055215,1.6044850520935516,0.9223138604264784,1.1934685452944895,1.2115294158020224
5,43,1,angular_drift,0.0,0.01880987754302891,0.0,1.0,bend,medium,bend,1,0.0,0.0,0.16064545331856583,0.0,0.0,0.0,0.11302974652702764,1.967339402041572e-17,0.0,0.0,0.0,0.0,0.0,0.13558476673860256,0.1960096233879703,0.32829430681700356,0.14811070694073047,0.21277767977714598
5,43,2,angular_drift,0.0,0.01880987754302891,0.0,1.0,mixed,extreme,offset+twist,2,-0.8044649767634681,0.0,0.0,0.0,0.17968438451867438,0.0,0.8329672841045305,0.0,0.13558476673860256,0.1960096233879703,0.32829430681700356,0.14811070694073047,0.21277767977714598,0.7315210051913705,1.1327592835804716,0.6565886136340071,0.758421829793074,0.8321028537010622
5,43,3,angular_drift,0.0,0.01880987754302891,0.0,1.0,tilt,medium,tilt,1,0.0,0.011244361804480607,0.0,0.0,0.0,0.0,0.05721654733480909,0.19625113829318286,0.7315210051913705,1.1327592835804716,0.6565886136340071,0.758421829793074,0.8321028537010622,0.7315210051913706,1.3950320061355648,1.1811340587441934,0.8106423636636994,1.0733703573877085
5,43,4,angular_drift,0.0,0.01880987754302891,0.0,1.0,mixed,low,tilt+twist,2,0.0,-0.009286469046207295,0.0,0.0,-0.03246212986181169,0.0,0.04764236524741126,0.16207946216011715,0.7315210051913706,1.3950320061355648,1.1811340587441934,0.8106423636636994,1.0733703573877085,0.7264073333044337,1.478139428464008,1.3473489034010797,0.8277652781303348,1.1483452273638899
5,43,5,angular_drift,0.0,0.01880987754302891,0.0,1.0,twist,high,twist,1,0.0,0.0,0.0,0.0,0.0955245503513061,0.0,0.017866983926177735,1.1698383482771719e-17,0.7264073333044337,1.478139428464008,1.3473489034010797,0.8277652781303348,1.1483452273638899,0.7423963286075542,1.6422865818725096,1.6756432102180832,0.8901287408753715,1.3071107102969812
5,44,1,angular_drift,0.0,0.01880987754302891,0.0,1.0,mixed,medium,offset+tilt+bend,3,0.6689989280282697,-0.0034540086607707217,0.0715170426605897,0.0,0.0,-0.15770875993752057,0.6684675133156732,0.060283823595875585,0.0,0.0,0.0,0.0,0.0,0.6671064172930988,0.8029773817530059,0.26801048322112786,0.6727892925243474,0.5887072139326045
5,44,2,angular_drift,0.0,0.01880987754302891,0.0,1.0,mixed,high,tilt+offset+waviness+twist,4,0.64135173130917,0.025579838150266578,0.0,0.04837899284810114,-0.17557935416621895,0.06894471650770378,0.7011103855428662,0.4464524275116693,0.6671064172930988,0.8029773817530059,0.26801048322112786,0.6727892925243474,0.5887072139326045,1.3566490898372443,1.8317141909469248,1.0427572175498006,1.3892470320341928,1.4082608527036102
5,44,3,angular_drift,0.0,0.01880987754302891,0.0,1.0,twist,medium,twist,1,0.0,0.0,0.0,0.0,0.011515828519683226,0.0,0.002153929249612909,1.4102822536159865e-18,1.3566490898372443,1.8317141909469248,1.0427572175498006,1.3892470320341928,1.4082608527036102,1.3548350323860987,1.9958613443554265,1.371051524366804,1.4109233749503007,1.557616707827529
5,44,4,angular_drift,0.0,0.01880987754302891,0.0,1.0,twist,low,twist,1,0.0,0.0,0.0,0.0,0.0018934487931176697,0.0,0.00035415208998376067,2.318806003840973e-19,1.3548350323860987,1.9958613443554265,1.371051524366804,1.4109233749503007,1.557616707827529,1.354536762497341,2.1600084977639282,1.6993458311838074,1.4401041891312516,1.708177746346648
5,44,5,angular_drift,0.0,0.01880987754302891,0.0,1.0,mixed,medium,waviness+offset,2,-0.8514013877242379,0.0,0.0,0.02889078790835109,0.0,0.0,0.8516440158683003,0.0,1.354536762497341,2.1600084977639282,1.6993458311838074,1.4401041891312516,1.708177746346648,0.6211063751662943,1.472754263448192,2.0276401380008107,0.7682934233696231,1.3132795753215514
5,45,1,angular_drift,0.0,0.01880987754302891,0.0,1.0,tilt,medium,tilt,1,0.0,-0.010436576312441435,0.0,0.0,0.0,0.0,0.05310615861669408,0.18215262130233378,0.0,0.0,0.0,0.0,0.0,0.03689715822400077,0.07307084275733486,0.14614168551466972,0.04260725690338247,0.08109363163913985
5,45,2,angular_drift,0.0,0.01880987754302891,0.0,1.0,mixed,medium,waviness+bend+twist+tilt,4,0.0,-0.03409114376172379,0.15906957472850106,0.021041613735831147,-0.09005881552175021,0.0,0.21676681809526163,0.5950027746287311,0.03689715822400077,0.07307084275733486,0.14614168551466972,0.04260725690338247,0.08109363163913985,0.12143308921766778,0.18882324631178632,0.12056678229705786,0.13071118271802523,0.1423180536197561
5,45,3,angular_drift,0.0,0.01880987754302891,0.0,1.0,mixed,medium,waviness+bend+offset+twist,4,0.3220974428472683,0.0,0.11986519540873253,0.10709764560871335,-0.08708868299127252,0.0016504239699042867,0.4202403402347826,5.551115123125783e-17,0.12143308921766778,0.18882324631178632,0.12056678229705786,0.13071118271802523,0.1423180536197561,0.5262972803484938,0.7438805407279702,0.2077275245199456,0.5412899462576936,0.49750059830469223
5,45,4,angular_drift,0.0,0.01880987754302891,0.0,1.0,tilt,medium,tilt,1,0.0,0.012956120991360788,0.0,0.0,0.0,-0.10571638184250941,0.08185272015952788,0.2261269734402117,0.5262972803484938,0.7438805407279702,0.2077275245199456,0.5412899462576936,0.49750059830469223,0.49624268375228175,0.8730848563759606,0.7621488047771608,0.5441871074155623,0.6938616142131772
5,45,5,angular_drift,0.0,0.01880987754302891,0.0,1.0,mixed,medium,twist+offset+tilt,3,0.42947815600327327,0.019065242505245394,0.0,0.0,-0.06545595112810525,0.06793451546237796,0.4705315205602994,0.3327512666888214,0.49624268375228175,0.8730848563759606,0.7621488047771608,0.5441871074155623,0.6938616142131772,0.9548347335181994,1.5015536458044947,1.4231943782829857,1.038537980663132,1.2677286253480171
5,46,1,angular_drift,0.0,0.01880987754302891,0.0,1.0,twist,high,twist,1,0.0,0.0,0.0,0.0,-0.0864455680195716,0.0,0.01616884422501625,1.0586528817564315e-17,0.0,0.0,0.0,0.0,0.0,0.08288618637459,0.16414715340850175,0.3282943068170035,0.09706950826130559,0.18230524480615912
5,46,2,angular_drift,0.0,0.01880987754302891,0.0,1.0,mixed,low,twist+tilt+offset,3,0.028095908745032608,0.01900385968296925,0.0,0.0,-0.05129884911871885,0.029703362491372256,0.10691671876694579,0.3316799342176961,0.08288618637459,0.16414715340850175,0.3282943068170035,0.09706950826130559,0.18230524480615912,0.25285708692955905,0.5222352279853196,0.988268547851703,0.2941744428656216,0.5584257031165366
5,46,3,angular_drift,0.0,0.01880987754302891,0.0,1.0,mixed,low,tilt+bend+twist+waviness,4,0.0,0.022583670310446228,0.010718757813133514,0.05012222457546877,0.03323637530177865,0.0,0.11140969707546611,0.3941594245145944,0.25285708692955905,0.5222352279853196,0.988268547851703,0.2941744428656216,0.5584257031165366,0.42651297606060434,0.8834620936511186,1.710722279183301,0.4947113705738635,0.9556803417258936
5,46,4,angular_drift,0.0,0.01880987754302891,0.0,1.0,twist,low,twist,1,0.0,0.0,0.0,0.0,-0.016966305304136866,0.0,0.00317339053720542,2.0777731484067973e-18,0.42651297606060434,0.8834620936511186,1.710722279183301,0.4947113705738635,0.9556803417258936,0.5082403598421806,1.0476092470596203,2.0390165860003044,0.5899063871175345,1.1374504965823848
5,46,5,angular_drift,0.0,0.01880987754302891,0.0,1.0,offset,medium,offset,1,0.2324955162996641,0.0,0.0,0.0,0.0,0.0,0.23249551629966414,0.0,0.5082403598421806,1.0476092470596203,2.0390165860003044,0.5899063871175345,1.1374504965823848,0.6342773877495504,1.444251916767786,2.367310892817308,0.743300506817839,1.4080821098821772
5,47,1,angular_drift,0.0,0.01880987754302891,0.0,1.0,tilt,high,tilt,1,0.0,-0.04015568799731449,0.0,0.0,0.0,0.0,0.20433086463196828,0.7008490837065612,0.0,0.0,0.0,0.0,0.0,0.09406085951172002,0.18627738844477884,0.3725547768895577,0.10861744911189172,0.20672965236500612
5,47,2,angular_drift,0.0,0.01880987754302891,0.0,1.0,mixed,high,tilt+waviness+twist+offset,4,-0.009519671036681283,-0.02962651085533724,0.0,0.18147998625518386,0.10567673672810177,0.0,0.22284128616315013,0.5170802063877149,0.09406085951172002,0.18627738844477884,0.3725547768895577,0.10861744911189172,0.20672965236500612,0.19068294895071375,0.447786897705517,0.5613406764602692,0.23357382968658494,0.38330053990360846
5,47,3,angular_drift,0.0,0.01880987754302891,0.0,1.0,bend,high,bend,1,0.0,0.0,0.007279881607467453,0.0,0.0,0.0,0.005122106824941311,8.915283708756706e-19,0.19068294895071375,0.447786897705517,0.5613406764602692,0.23357382968658494,0.38330053990360846,0.1399552578877309,0.30809285590684093,0.2330463696432657,0.16109204703289629,0.22043754973464086
5,47,4,angular_drift,0.0,0.01880987754302891,0.0,1.0,bend,low,bend,1,0.0,0.0,0.0636763218458628,0.0,0.0,0.0,0.04480250370820492,7.798100373001256e-18,0.1399552578877309,0.30809285590684093,0.2330463696432657,0.16109204703289629,0.22043754973464086,0.11104836652674548,0.228636542294534,0.0952479371737378,0.12793371964402053,0.14327322576290724
5,47,5,angular_drift,0.0,0.01880987754302891,0.0,1.0,offset,extreme,offset,1,-0.14857910782823994,0.0,0.0,0.0,0.0,0.0,0.14857910782823994,0.0,0.11104836652674548,0.228636542294534,0.0952479371737378,0.12793371964402053,0.14327322576290724,0.16681472393979996,0.4253341093769424,0.4235422439907413,0.2028931218103851,0.32499663537328366
5,48,1,angular_drift,0.0,0.01880987754302891,0.0,1.0,mixed,medium,waviness+tilt+twist,3,0.0,-0.004108140896790278,0.0,0.06434553888119911,-0.08460943918492707,0.0,0.056748046490245035,0.07170058490769321,0.0,0.0,0.0,0.0,0.0,0.06682453854763085,0.15187521544449942,0.2565937219093103,0.07853150868837913,0.1504411936392701
5,48,2,angular_drift,0.0,0.01880987754302891,0.0,1.0,tilt,medium,tilt,1,0.0,-0.01597817730707649,0.0,0.0,0.0,0.0,0.0813044053609634,0.2788718097051646,0.06682453854763085,0.15187521544449942,0.2565937219093103,0.07853150868837913,0.1504411936392701,0.077565335820628,0.1651157606502991,0.30601621902114917,0.09054050196204931,0.17366324484382778
5,48,3,angular_drift,0.0,0.01880987754302891,0.0,1.0,waviness,extreme,waviness,1,0.0,0.0,0.0,0.2451412045632013,0.0,0.0,0.17248074964289464,1.8012683490447058e-16,0.077565335820628,0.1651157606502991,0.30601621902114917,0.09054050196204931,0.17366324484382778,0.20158765689215233,0.49088066433670446,0.6343105258381525,0.24759876849067042,0.4227935309691699
5,48,4,angular_drift,0.0,0.01880987754302891,0.0,1.0,offset,high,offset,1,0.3924788463277396,0.0,0.0,0.0,0.0,0.0,0.3924788463277396,0.0,0.20158765689215233,0.49088066433670446,0.6343105258381525,0.24759876849067042,0.4227935309691699,0.42733827607531194,0.9687160304368649,0.962604832655156,0.5096340516211876,0.7585611469123186
5,48,5,angular_drift,0.0,0.01880987754302891,0.0,1.0,tilt,low,tilt,1,0.0,0.015249807891157867,0.0,0.0,0.0,0.0,0.0775981224746346,0.266159364282299,0.42733827607531194,0.9687160304368649,0.962604832655156,0.5096340516211876,0.7585611469123186,0.49318219739388663,1.1710080982049687,1.5570585037544584,0.6064420437039486,1.0270188441763888
5,49,1,angular_drift,0.0,0.01880987754302891,0.0,1.0,mixed,high,tilt+offset+twist,3,-0.2791316766265584,-0.027548271738937945,0.0,0.0,-0.21050576011688396,0.0,0.28390578400221517,0.48080808212906156,0.0,0.0,0.0,0.0,0.0,0.24597127119011972,0.35538856428258747,0.15251377531205806,0.25085780349543413,0.251247863584973
5,49,2,angular_drift,0.0,0.01880987754302891,0.0,1.0,bend,medium,bend,1,0.0,0.0,0.206305617368374,0.0,0.0,0.0,0.145156125844455,2.526515139562978e-17,0.24597127119011972,0.35538856428258747,0.15251377531205806,0.25085780349543413,0.251247863584973,0.1159441099498721,0.3670219423790312,0.17578053150494546,0.14073015351499474,0.21169699050165408
5,49,3,angular_drift,0.0,0.01880987754302891,0.0,1.0,bend,medium,bend,1,0.0,0.0,0.20218982875537744,0.0,0.0,0.0,0.14226026708172176,2.4761112660542446e-17,0.1159441099498721,0.3670219423790312,0.17578053150494546,0.14073015351499474,0.21169699050165408,0.15491750197416926,0.5311690957875329,0.504074838321949,0.19173849693860334,0.3762222805189556
5,49,4,angular_drift,0.0,0.01880987754302891,0.0,1.0,tilt,extreme,tilt,1,0.0,0.014753519336269774,0.0,0.0,0.0,0.0,0.07507277513447282,0.25749749436567615,0.15491750197416926,0.5311690957875329,0.504074838321949,0.19173849693860334,0.3762222805189556,0.28963051367065795,0.8240649963788726,1.0898666395046286,0.3407780339116929,0.695146448257417
5,49,5,angular_drift,0.0,0.01880987754302891,0.0,1.0,mixed,medium,offset+bend+twist,3,0.020080944841881974,0.0,0.01842114757594146,0.0,-0.03400196947219746,0.0,0.03748053709930113,6.938893903907228e-18,0.28963051367065795,0.8240649963788726,1.0898666395046286,0.3407780339116929,0.695146448257417,0.3771065702721586,0.9681312049454924,1.418160946321632,0.4354660043076864,0.8725662168925535
5,50,1,angular_drift,0.0,0.01880987754302891,0.0,1.0,waviness,low,waviness,1,0.0,0.0,0.0,0.06336502395812128,0.0,0.0,0.04458347527871025,4.6559864260925146e-17,0.0,0.0,0.0,0.0,0.0,0.08217272355738776,0.16414715340850175,0.32829430681700345,0.09470940464665642,0.18185519559953353
5,50,2,angular_drift,0.0,0.01880987754302891,0.0,1.0,twist,high,twist,1,0.0,0.0,0.0,0.0,-0.22286408059289398,0.0,0.041684665680513946,2.7292978294300538e-17,0.08217272355738776,0.16414715340850175,0.32829430681700345,0.09470940464665642,0.18185519559953353,0.15726999771150807,0.3282943068170035,0.6565886136340069,0.1897677094846611,0.36162264639722164
5,50,3,angular_drift,0.0,0.01880987754302891,0.0,1.0,tilt,medium,tilt,1,0.0,-0.007834674606619409,0.0,0.0,0.0,0.0,0.039866471331683855,0.13674086856016343,0.15726999771150807,0.3282943068170035,0.6565886136340069,0.1897677094846611,0.36162264639722164,0.20281459440157176,0.42407102594542356,0.848142051890847,0.24339379875773567,0.46684768154712625
5,50,4,angular_drift,0.0,0.01880987754302891,0.0,1.0,mixed,medium,bend+twist,2,0.0,0.0,0.15831266709950342,0.0,-0.09865128283588347,0.11082204720179384,0.16821494390423525,3.1468968056391766e-17,0.20281459440157176,0.42407102594542356,0.848142051890847,0.24339379875773567,0.46684768154712625,0.3480130839340436,0.5882370032185527,1.1764363587078506,0.38818324722372566,0.6726242584805067
5,50,5,angular_drift,0.0,0.01880987754302891,0.0,1.0,waviness,low,waviness,1,0.0,0.0,0.0,0.04415357356651221,0.0,0.0,0.031066345952466302,3.244351952348781e-17,0.3480130839340436,0.5882370032185527,1.1764363587078506,0.38818324722372566,0.6726242584805067,0.4216641608182011,0.7523841566270544,1.504730665524854,0.46914990262446343,0.8505486851534791
