assembly_id,batch_condition,component_index,severity,scenario_type,predicted_quality,actual_quality,prediction_absolute_error,true_best_of_20_quality,absolute_regret,exact_best_hit,top3_hit,selected_true_rank,selected_beats_zero,best_was_structured_initial,z_adj,theta_adj,locator_offset,correction_utilization,capability_penalty,mean_gap,max_gap,parallelism,rms
41,normal,1,medium,twist,0.02533240218981978,0.0253324021898197,7.979727989493313e-17,0.0253324021898197,0.0,True,True,1,False,True,0.0,0.0,0.0,0.0,0.0,0.026111747026271035,0.04799496029723769,2.0299761409868907e-17,0.031003899927670747
41,normal,2,medium,waviness,0.03853759358629653,0.03882512844243221,0.0002875348561356822,0.03882512844243221,0.0,True,True,1,True,True,0.013055873513135518,5.81545326954013e-19,-0.0,0.005222349405254207,3.6363911080745305e-07,0.03537691763636787,0.08012998944051856,4.683753385137379e-17,0.041730563193662626
41,normal,3,high,bend,0.1753455166699005,0.17459922674548017,0.0007462899244203292,0.17459922674548017,0.0,True,True,1,False,True,0.0,0.0,0.0,0.0,0.0,0.1718103116599686,0.34325273842942144,1.0408340855860843e-17,0.20080311718663135
41,normal,4,low,twist,0.12721785618243875,0.1245604968666774,0.0026573593157613457,0.1245604968666774,0.0,True,True,1,True,True,-0.08571555455889251,2.981770013872047e-19,-0.0,0.034286221823557006,1.5673933425788754e-05,0.11228625812470379,0.25771523529740636,1.3877787807814457e-17,0.1356004884004436
41,normal,5,medium,bend,0.14509126289773377,0.1484281750297853,0.003336912132051534,0.09616571370742727,0.05226246132235804,False,True,2,True,True,-0.04332830881481603,3.975693351829396e-19,-0.0,0.017331323525926413,4.004997002137738e-06,0.1376862517310982,0.3022547446764407,0.0,0.16445876107523658
63,normal,1,medium,mixed,0.12176490708258575,0.12146743898785216,0.00029746809473359115,0.12146743898785216,0.0,True,True,1,True,True,-0.1711060193020257,-0.0,-0.0,0.06844240772081028,6.245817566162175e-05,0.1073578367192571,0.2545237172174615,5.551115123125783e-17,0.1290297280683658
63,normal,2,medium,mixed,0.2287506153916513,0.2328507912418061,0.004100175850154791,0.1721857350856713,0.060665056156134795,False,True,3,True,True,-0.048767088321880626,1.5902773407317584e-18,-0.0,0.01950683532875225,5.073554993907425e-06,0.21407801657786057,0.47806287837895084,3.469446951953614e-17,0.2520852275476268
63,normal,3,high,mixed,0.2445375549229983,0.23116667642170882,0.013370878501289485,0.17976727269007886,0.05139940373162996,False,True,2,True,True,-0.8981433175730067,9.93923337957349e-19,-0.0,0.35925732702920266,0.0017208776936555664,0.20391939612602447,0.48451619820563163,1.1102230246251565e-16,0.24635998122211944
63,normal,4,low,waviness,0.19833721029174933,0.19957637581044047,0.0012391655186911321,0.19957637581044047,0.0,True,True,1,True,True,-0.07447295005277084,3.180554681463517e-18,-0.0,0.029789180021108336,1.1831936617733334e-05,0.17637494757080197,0.4180914372709941,5.551115123125783e-17,0.21236460357901596
63,normal,5,medium,tilt,0.1904229777440904,0.1863635895446471,0.004059388199443292,0.1863635895446471,0.0,True,True,1,True,True,-0.037236475026385434,0.013033261025132302,-0.0,0.014894590010554173,4.5308164965558616e-06,0.1729123262869222,0.3808549622446087,5.551115123125783e-17,0.20233402985187818
65,normal,1,medium,twist,0.007071643361087788,0.007071643361087817,2.862293735361732e-17,0.007071643361087817,0.0,True,True,1,False,True,0.0,0.0,0.0,0.0,0.0,0.0072892006498673214,0.013397988860607534,5.6667611673817275e-18,0.00865486507945358
65,normal,2,medium,tilt,0.007165055417716238,0.0050235111743866055,0.002141544243329633,0.0050235111743866055,0.0,True,True,1,True,True,0.0036446003249336607,0.007170438703609,-0.0,0.005975365586340834,5.044038897998318e-07,0.005018006986434858,0.009753388535673875,0.0,0.005920925177539857
65,normal,3,high,mixed,0.17461985906575767,0.17500309739973588,0.00038323833397821416,0.17500309739973588,0.0,True,True,1,True,True,0.12378119440052412,-0.0222236061858936,-0.0,0.04951247776020965,3.72595159777894e-05,0.15277380579820427,0.36848701015055474,9.71445146547012e-17,0.18624852615108148
65,normal,4,low,bend,0.1997773263252168,0.19377934096460667,0.005997985360610136,0.18653936257695264,0.007239978387654028,False,True,2,True,True,-0.06625742452376929,2.782985346280577e-18,-0.0,0.026502969809507716,9.3654321163157e-06,0.16919702261126315,0.4088981194497844,2.7755575615628914e-17,0.20350798346292417
65,normal,5,medium,twist,0.162403865063914,0.16111676767378577,0.0012870973901282223,0.16111676767378577,0.0,True,True,1,True,True,-0.06783374379301738,7.951386703658792e-19,-0.0,0.02713349751720695,9.816355833550344e-06,0.1386807173583237,0.34244490304663405,2.7755575615628914e-17,0.16779081552298458
76,normal,1,high,twist,0.03307338625741063,0.033073386257410645,1.3877787807814457e-17,0.033073386257410645,0.0,True,True,1,False,True,0.0,0.0,0.0,0.0,0.0,0.03409088047728498,0.0626610871099125,2.6502889264551492e-17,0.04047795981251389
76,normal,2,medium,mixed,0.06719676582578264,0.06696749600832567,0.0002292698174569674,0.06696749600832567,0.0,True,True,1,False,True,0.0,0.0,0.0,0.0,0.0,0.05743760037992726,0.1400171117974158,1.0408340855860843e-17,0.07731082355122747
76,normal,3,high,twist,0.055767559868168316,0.05512748169474398,0.0006400781734243396,0.05512748169474398,0.0,True,True,1,True,True,-0.027824214006322175,2.981770013872047e-19,-0.0,0.01112968560252887,1.6515986881485123e-06,0.05049701303820809,0.11219289779109362,3.469446951953614e-18,0.06320508445953472
76,normal,4,extreme,twist,0.052944711640578665,0.046497665442507496,0.0064470461980711685,0.046497665442507496,0.0,True,True,1,True,True,-0.02007475969098368,-9.93923337957349e-20,-0.0,0.008029903876393473,8.597247501882523e-07,0.045276033298844394,0.09211813810010994,6.938893903907228e-18,0.05279414022821201
76,normal,5,low,waviness,0.05505988741237957,0.054773655885831114,0.0002862315265484555,0.054773655885831114,0.0,True,True,1,True,True,-0.01016467510280245,-1.987846675914698e-19,-0.0086503984176214,0.0086503984176214,1.218142559664959e-06,0.04885536016196399,0.11452296177702413,2.0816681711721685e-17,0.0576015930413467
96,normal,1,high,twist,0.01792121725514087,0.017921217255140964,9.367506770274758e-17,0.017921217255140964,0.0,True,True,1,False,True,0.0,0.0,0.0,0.0,0.0,0.018472558893650463,0.03395367340979294,1.4360913415467e-17,0.0219334756410794
96,normal,2,medium,waviness,0.07451940812331019,0.07432935442439477,0.00019005369891542112,0.07432935442439477,0.0,True,True,1,True,True,0.009236279446825231,4.1140986432953164e-19,-0.0,0.0036945117787300927,1.8199223044233852e-07,0.0773268117158109,0.14152022139931691,9.71445146547012e-17,0.08675244489856387
96,normal,3,high,offset,0.0738442893264043,0.07288963006969292,0.0009546592567113849,0.07288963006969292,0.0,True,True,1,True,True,-0.49429294871970475,2.782985346280577e-18,-0.0,0.1977171794878819,0.000521227774195244,0.07726905258441037,0.13690208167590429,1.1102230246251565e-16,0.08638289791598494
96,normal,4,extreme,bend,0.24288479280431957,0.17152724419682594,0.07135754860749363,0.14682833972428694,0.024698904472539,False,True,2,True,False,-0.10452383330038573,-0.003159398188797513,-0.10445724811940871,0.10445724811940871,0.00016888380752723019,0.14309822490090454,0.31830590723294494,0.055141900831950794,0.16563434307085842
96,normal,5,low,bend,0.19634335149395102,0.15789303537326257,0.038450316120688444,0.15789303537326257,0.0,True,True,1,True,True,-0.050649662592220736,0.0015796990943987587,-0.132806025917909,0.132806025917909,0.00024066180803032815,0.13512241361359276,0.3099512850365487,0.02757095043693364,0.16099640647140095
172,offset_drift,1,high,waviness,0.07691706122781618,0.07692003960886107,2.9783810448907877e-06,0.07692003960886107,0.0,True,True,1,True,True,-0.2127965395679451,-0.0,-0.0,0.08511861582717803,9.660238347112965e-05,0.0866440374748002,0.13750637792403453,1.1102230246251565e-16,0.09674914989210628
172,offset_drift,2,medium,waviness,0.11335856099689641,0.11375219978551117,0.00039363878861475854,0.11375219978551117,0.0,True,True,1,True,True,-0.2127965395679451,3.180554681463517e-18,-0.0,0.08511861582717803,9.660238347112965e-05,0.12813240751271532,0.20334951792711875,1.1102230246251565e-16,0.14307622153560917
172,offset_drift,3,high,waviness,0.15553050076568425,0.16007534485117694,0.004544844085492689,0.16007534485117694,0.0,True,True,1,True,True,-0.2127965395679451,3.180554681463517e-18,-0.0,0.08511861582717803,9.660238347112965e-05,0.1803115839331834,0.28615925027280426,1.1102230246251565e-16,0.20134094589380613
172,offset_drift,4,extreme,mixed,0.32440803717056815,0.3266362986244863,0.0022282614539181345,0.24241617220560294,0.08422012641888335,False,False,4,True,True,-0.2127965395679451,3.180554681463517e-18,-0.0,0.08511861582717803,9.660238347112965e-05,0.2848465394642882,0.6884585276976891,2.7755575615628914e-17,0.346447784758931
172,offset_drift,5,low,bend,0.30426045641220456,0.23969683461455038,0.06456362179765418,0.2301976052429373,0.009499229371613072,False,True,2,True,False,-0.4459880264794377,-0.0010904463157986877,-0.0065602577501776005,0.17839521059177507,0.00042491618518783795,0.21007760438733272,0.4857431874152132,0.01903187852922686,0.2524103351501854
222,offset_drift,1,high,mixed,0.2098046039291825,0.09313781154068652,0.11666679238849596,0.09313781154068652,0.0,True,True,1,True,True,0.398046641962026,0.016669590490269,-0.0,0.1592186567848104,0.00034058066119954254,0.09718774806666204,0.17684114488536756,1.1102230246251565e-16,0.10929143655077615
222,offset_drift,2,medium,tilt,0.11823685799443441,0.0907891080926955,0.027447749901738913,0.0907891080926955,0.0,True,True,1,True,True,-0.22021250728485883,0.025045658160302305,-0.0738284058799045,0.08808500291394353,0.00018193621108492322,0.09702718434476608,0.16942517716845384,4.9439619065339e-17,0.1085339963872952
222,offset_drift,3,high,waviness,0.1155442808518448,0.11825639322404848,0.0027121123722036733,0.11825639322404848,0.0,True,True,1,True,True,-0.21650452342640195,1.4163407565892223e-18,-0.0,0.08660180937056078,9.999831181673267e-05,0.12923170305866222,0.21688186104432847,8.326672684688674e-17,0.1442232399315125
222,offset_drift,4,extreme,mixed,0.256075863676147,0.25732372358201344,0.0012478599058664552,0.25732372358201344,0.0,True,True,1,True,False,0.3906000471062498,0.020757510546113966,-0.03920182668591904,0.1562400188424999,0.0003499592657129012,0.22523713604432757,0.5172935761273179,0.026883931293160246,0.2649933054257176
222,offset_drift,5,low,offset,0.23116402410830225,0.2326687373679848,0.001504713259682544,0.2326687373679848,0.0,True,True,1,True,True,-0.10942220820444565,0.0007701678997233365,-0.0,0.04376888328177826,2.5548360792320567e-05,0.2151630699248933,0.465013796381741,0.013441965649008902,0.24583087781291832
274,offset_drift,1,high,tilt,5.234789921297331e-05,3.7333095177472255e-17,5.2347899212935976e-05,3.7333095177472255e-17,0.0,True,True,1,True,True,-0.2127965395679451,-0.0171319917133296,-3.010612855282417e-05,0.08511861582717803,9.932003574197518e-05,7.419807342791888e-18,5.551115123125783e-17,5.551115123125783e-17,1.8004622358799977e-17
274,offset_drift,2,medium,bend,0.06513354933074098,0.06352181004176544,0.0016117392889755389,0.06352181004176544,0.0,True,True,1,True,True,-0.2127965395679451,-1.5902773407317584e-18,-0.0,0.08511861582717803,9.660238347112965e-05,0.07156373701159184,0.1135455146797012,8.326672684688674e-17,0.07989034534377508
274,offset_drift,3,high,twist,0.04462579550866174,0.03966443533897035,0.004961360169691391,0.03966443533897035,0.0,True,True,1,True,True,-0.24857840807374101,-2.3854160110976377e-18,-0.0,0.0994313632294964,0.00013182127991568065,0.03904544993830118,0.07776364617390527,2.7755575615628914e-17,0.046217065053084
274,offset_drift,4,extreme,bend,0.29920335835469203,0.3228487532413189,0.02364539488662687,0.16747449083169802,0.15537426240962088,False,False,4,True,True,-0.2260797221170194,-7.951386703658792e-19,-0.0277726049581893,0.09043188884680776,0.00011932325475420046,0.349811033508262,0.5926421780965345,8.326672684688674e-17,0.40112789759879974
274,offset_drift,5,low,mixed,0.24793460626709674,0.23457648429291378,0.013358121974182957,0.18228682349354142,0.05228966079937236,False,True,3,True,True,-0.5529331763943702,-2.3854160110976377e-18,-0.0,0.2211732705577481,0.0006522348747894779,0.23273313222479913,0.4593168133308535,0.0,0.2696150062621799
290,offset_drift,1,high,waviness,0.08497224379363899,0.081079893883259,0.003892349910379997,0.081079893883259,0.0,True,True,1,True,True,-0.2127965395679451,-0.0,-0.0,0.08511861582717803,9.660238347112965e-05,0.09132976789659165,0.1449427559715879,1.1102230246251565e-16,0.10198136722805108
290,offset_drift,2,medium,mixed,0.11001774200482724,0.13385939048012307,0.023841648475295837,0.13385939048012307,0.0,True,True,1,True,True,-0.4037906989484984,-0.015349584275505396,-0.0,0.16151627957939935,0.00035001501923182085,0.14908912724585524,0.24160250622807955,1.1102230246251565e-16,0.1665190043794262
290,offset_drift,3,high,mixed,0.25164468583103916,0.28667920772279315,0.03503452189175399,0.27875416187426255,0.007925045848530599,False,True,2,False,True,0.0,0.0,0.0,0.0,0.0,0.2630191082981816,0.5889127980897497,1.6653345369377348e-16,0.31099635806413717
290,offset_drift,4,extreme,tilt,0.27456721512744403,0.26379880681517265,0.010768408312271383,0.26379880681517265,0.0,True,True,1,True,True,-0.27373382845028005,0.030208673558416402,-0.0,0.10949353138011202,0.00016830077846708398,0.25384106978852167,0.5279755092074148,1.6653345369377348e-16,0.292538331163917
290,offset_drift,5,low,mixed,0.27586942778355744,0.25373080373865786,0.02213862404489958,0.25373080373865786,0.0,True,True,1,True,True,-0.24326518400911257,-0.017390653383306198,-0.0,0.09730607360364503,0.00012904661525672034,0.25209529193345526,0.4977375647046311,8.326672684688674e-17,0.28780946747231934
295,offset_drift,1,medium,mixed,0.0647483618016144,0.02454813422195557,0.04020022757965883,0.02454813422195557,0.0,True,True,1,True,True,-0.34915612448319056,-0.0,-0.0036949639961914,0.13966244979327622,0.00026025670188256736,0.021156910087746998,0.05123471580153505,0.0,0.02830646455170958
295,offset_drift,2,medium,mixed,0.09491398786619613,0.08885663081018544,0.006057357056010695,0.08885663081018544,0.0,True,True,1,True,True,-0.22283328187972215,-0.0143504800105772,-0.0,0.08913331275188886,0.00010783678327032839,0.08840387046726315,0.17452780725061745,1.3877787807814457e-16,0.0997712749482121
295,offset_drift,3,high,tilt,0.20450567381215182,0.2559677091314372,0.051462035319285365,0.08725484800986306,0.16871286112157413,False,False,4,True,False,-0.1576691989960356,-0.04783228992901628,-0.2618194861686832,0.2618194861686832,0.0009882108587809454,0.15922024268273288,0.4397703439579105,0.18838436127885955,0.19755224755586315
295,offset_drift,4,low,waviness,0.20823711900809638,0.22660047615965548,0.018363357151559095,0.19861041390544132,0.02799006225421416,False,True,2,True,True,-0.1783714209593733,0.005396814349931274,-0.0,0.07134856838374933,6.81445910011002e-05,0.1575765441539294,0.4378178200791242,0.09419218147511851,0.19724512447203862
295,offset_drift,5,medium,mixed,0.24232680157942516,0.2503013263453389,0.00797452476591376,0.2503013263453389,0.0,True,True,1,True,True,-0.1955839802636592,-0.011229264343007327,-0.0,0.07823359210546368,8.277415816896107e-05,0.20077522607489548,0.5057497872599904,0.04709608859829639,0.24214995765384256
371,angular_drift,1,medium,offset,0.009110363760945773,0.0,0.009110363760945773,0.0,0.0,True,True,1,True,True,0.1919460940602284,-0.0279592204885945,-0.0,0.07677843762409135,8.583717617856281e-05,0.0,0.0,0.0,0.0
371,angular_drift,2,medium,mixed,0.06205625842301694,0.05823093585314477,0.0038253225698721693,0.05823093585314477,0.0,True,True,1,True,True,0.4462598900496278,-0.0279592204885945,-0.0,0.1785039560198511,0.0004320869605884356,0.05963769122765224,0.11201688806945709,5.551115123125783e-17,0.06734562064011954
371,angular_drift,3,high,waviness,0.06464281461171874,0.07759274298351053,0.012949928371791791,0.07759274298351053,0.0,True,True,1,True,True,0.0057653662111879075,-0.0279592204885945,-0.0,0.023299350407162085,7.3090405467144165e-06,0.08331984993699822,0.14426915439337476,8.326672684688674e-17,0.09316041684398621
371,angular_drift,4,low,waviness,0.1277356620276933,0.08293985383149065,0.044795808196202644,0.08293985383149065,0.0,True,True,1,True,True,0.0028826831055939572,-0.027959220488594498,0.0783679140144964,0.0783679140144964,8.914292339041586e-05,0.09034483406228833,0.15251196443765755,2.7755575615628914e-17,0.10082814281506872
371,angular_drift,5,medium,mixed,0.29185475476272243,0.17622429367550196,0.11563046108722047,0.17622429367550196,0.0,True,True,1,True,True,-0.11370216364519163,0.010912772736497395,-0.0,0.045480865458076655,2.8682793941231542e-05,0.1507353737950081,0.3746947987327946,6.305640244674837e-08,0.18595223000240446
403,angular_drift,1,medium,offset,0.003018858203315265,4.352107243477749e-17,0.0030188582033152216,4.352107243477749e-17,0.0,True,True,1,True,True,-0.4911121523869691,-0.0279592204885945,0.0145947268660628,0.19644486095478764,0.0005246193223631539,1.97861529141117e-17,1.1102230246251565e-16,0.0,4.278535821789286e-17
403,angular_drift,2,medium,bend,0.06425382359099166,0.060698568737292374,0.0035552548536992856,0.060698568737292374,0.0,True,True,1,True,True,1.09923071745065e-18,-0.0279592204885945,-0.0199120031787409,0.023299350407162085,1.2524634666478827e-05,0.06838307043265256,0.1084989584375127,2.7755575615628914e-17,0.0763396007624279
403,angular_drift,3,high,waviness,0.09272433166962483,0.08816230318813904,0.004562028481485791,0.08816230318813904,0.0,True,True,1,True,True,-0.03419153521632628,-0.0279592204885945,-0.0,0.023299350407162085,9.732126696901452e-06,0.07875320308574885,0.18405726463421684,5.551115123125783e-17,0.09319162872149314
403,angular_drift,4,low,mixed,0.1487735224512474,0.15829510788380866,0.009521585432561264,0.15829510788380866,0.0,True,True,1,True,True,-0.017095767608163136,-0.0279592204885945,-0.0,0.023299350407162085,7.861628968182604e-06,0.13546230703573534,0.33687117057968463,5.551115123125783e-17,0.16595064599182632
403,angular_drift,5,medium,waviness,0.19604640951860702,0.19451145371957534,0.0015349557990316787,0.19451145371957534,0.0,True,True,1,True,True,-0.046295777144957875,-0.0279592204885945,-0.0,0.023299350407162085,1.1810500885714941e-05,0.18221753563224236,0.39610114707372834,1.6653345369377348e-16,0.21015848907784082
433,angular_drift,1,medium,mixed,0.10522340254310232,0.06555427028316758,0.039669132259934736,0.06555427028316758,0.0,True,True,1,True,True,-0.0,0.007634938021189298,-0.0,0.006362448350991081,5.397433202537217e-07,0.06293055240367207,0.13135169622034581,4.039629189489524e-08,0.07269583577074655
433,angular_drift,2,medium,mixed,0.07695163407471524,0.06651261305205067,0.010439021022664571,0.06651261305205067,0.0,True,True,1,True,True,-0.22549672216160532,-0.027959219331325984,-0.0,0.09019868886464213,0.00011571550876475869,0.06274846921109498,0.13503271123290267,2.0198141131855252e-08,0.07178252859409037
433,angular_drift,3,high,mixed,0.2088156535945917,0.23581306356694973,0.026997409972358027,0.23581306356694973,0.0,True,True,1,True,True,-0.009041689004050366,-0.027959219909960382,-0.0,0.023299349924966985,7.412533991112179e-06,0.19965065334606144,0.5045171920984561,1.0099068276092638e-08,0.24562706903874001
433,angular_drift,4,low,mixed,0.2692724251695869,0.24225349660938442,0.027018928560202465,0.24225349660938442,0.0,True,True,1,True,True,-0.06930559877087462,-0.027959220199277508,-0.0275936458344187,0.02772223950834985,2.7637220959393865e-05,0.20948944379841228,0.5143296521375875,5.0495329306787795e-09,0.2510776631372464
433,angular_drift,5,medium,mixed,0.29816945672095496,0.33012680155009905,0.031957344829144085,0.33012680155009905,0.0,True,True,1,True,True,-0.40771600260279234,-0.04646935576235374,-0.0,0.16308640104111694,0.0003746234433288111,0.2882604104741653,0.6975567363174946,1.3038442789325977e-07,0.3438161839727271
463,angular_drift,1,medium,mixed,0.11420963663168039,0.11089583148513028,0.0033138051465501084,0.09089477661342699,0.020001054871703297,False,True,2,True,True,-0.0,-0.0465088576218608,-0.0,0.03875738135155067,2.0028461456393705e-05,0.12493531615408326,0.1982267168065589,1.28241443186905e-07,0.13947183124504672
463,angular_drift,2,medium,mixed,0.12409563796994273,0.1364833335445873,0.012387695574644572,0.1364833335445873,0.0,True,True,1,True,True,-0.062467657442183,-0.027959216814747775,-0.0,0.0249870629768732,1.5562838705896316e-05,0.12088161452323641,0.2860598402807751,6.412070638339706e-08,0.14400877867171938
463,angular_drift,3,high,bend,0.2479503181604828,0.23477628377402956,0.013174034386453232,0.23477628377402956,0.0,True,True,1,True,True,-0.04734128432943469,-0.027959218651671575,-0.0,0.02329934887639298,1.201934947170047e-05,0.22605564847477105,0.4696867944188197,3.206034554503745e-08,0.2605354128784865
463,angular_drift,4,low,offset,0.23330078411677435,0.18090101322500224,0.05239977089177211,0.18090101322500224,0.0,True,True,1,True,True,-0.1539572559670157,-0.027959219570133257,0.0317725563329761,0.06158290238680628,7.126411861393145e-05,0.16645361661896546,0.37100534420879505,1.6030168914493714e-08,0.19663320167623408
463,angular_drift,5,medium,offset,0.16027991044843612,0.1585929153682933,0.0016869950801428057,0.1585929153682933,0.0,True,True,1,True,True,-0.2657082018102849,-0.02795922002936399,-0.0,0.10628328072411397,0.00015785327297391453,0.1479482109257959,0.3216646191037829,8.015082597623291e-09,0.17709063954894902
468,angular_drift,1,high,mixed,0.22588545297300652,0.22709737093742854,0.0012119179644220213,0.22709737093742854,0.0,True,True,1,True,True,-0.0,-0.0279592204885945,-0.0,0.023299350407162085,7.238129725276321e-06,0.21502101893648046,0.45865346242804217,5.551115123125783e-17,0.24995026528071745
468,angular_drift,2,medium,waviness,0.1902366506816772,0.18765142142921384,0.0025852292524633502,0.18765142142921384,0.0,True,True,1,True,True,-0.10224388371880141,-0.0279592204885945,-0.0,0.04089755348752057,2.95395948088044e-05,0.16108076293945134,0.3992896240339575,5.551115123125783e-17,0.19540305337191172
468,angular_drift,3,high,mixed,0.16737053312435013,0.16432155683864477,0.003048976285705357,0.16432155683864477,0.0,True,True,1,True,True,-0.051121941859400714,-0.0211711803963988,-0.0,0.020448776743760284,9.725541079927026e-06,0.14303608976038024,0.34690338761823314,2.1362235064215085e-08,0.17339707216390252
468,angular_drift,4,extreme,tilt,0.19302733868535799,0.15600904030751078,0.0370182983778472,0.15600904030751078,0.0,True,True,1,True,True,-0.0229771732101499,0.011763569651474242,0.0359075382895612,0.0359075382895612,1.9598955964923864e-05,0.13984779854863233,0.32392622081939054,5.877910616569615e-08,0.16876816863372043
468,angular_drift,5,low,mixed,0.1827107634155079,0.1529611737262949,0.029749589689213013,0.1529611737262949,0.0,True,True,1,True,True,0.20034575096305715,-0.04271644201323665,-0.0,0.08013830038522286,0.00010252394786944996,0.13908750402401146,0.31500411770615677,1.230932976381549e-07,0.16733650279255147
526,fixture_drift,1,high,twist,0.05102086398979146,0.05101206802811285,8.795961678603748e-06,0.05101206802811285,0.0,True,True,1,True,True,-0.0,-0.0,-0.2512163072405328,0.2512163072405328,0.000841461773647597,0.053769528427942914,0.0955351161179275,1.3010426069826053e-17,0.06220674664351718
526,fixture_drift,2,medium,mixed,0.23992881702351343,0.24798705341173832,0.008058236388224893,0.23995991265687894,0.008027140754859385,False,True,2,True,True,-0.026884764213971457,-0.0095605980701912,-0.2512163072405328,0.2512163072405328,0.0008438500697351141,0.250929551958791,0.48103157014450604,4.163336342344337e-17,0.2839871678074919
526,fixture_drift,3,high,mixed,0.33713828135271506,0.3309681231979758,0.006170158154739258,0.25884690630203167,0.07212121689594414,False,True,3,True,True,-0.44107720713101245,-0.0028089424452714985,-0.2512163072405328,0.2512163072405328,0.0012565729163173626,0.32472303276356135,0.6551401399796362,5.551115123125783e-17,0.37009171375016575
526,fixture_drift,4,extreme,bend,0.42682193138265756,0.37931870482468,0.04750322655797756,0.31033174099592303,0.06898696382875696,False,False,4,True,False,-0.27324922443700006,0.002581022275586764,-0.4734744334373826,0.4734744334373826,0.0031483878329013055,0.3488148811600594,0.7376308888525991,0.04504733680677642,0.39870772778849545
526,fixture_drift,5,low,mixed,0.38764918390300307,0.3529449295159719,0.034704254387031175,0.3529449295159719,0.0,True,True,1,True,True,-0.12220302635536288,0.00859297743840692,-0.2512163072405328,0.2512163072405328,0.0008740037737652945,0.31566589409140655,0.7119491600484927,0.022523667832111016,0.3790331292436884
547,fixture_drift,1,medium,mixed,0.040026102760622476,0.03732773917363146,0.0026983635869910136,0.03732773917363146,0.0,True,True,1,True,True,0.2679886190355158,-0.04050702738188,-0.2512163072405328,0.2512163072405328,0.0010098660644974012,0.03684711207324988,0.07287042724293182,1.3877787807814457e-17,0.044124773787769446
547,fixture_drift,2,medium,offset,0.07218387957810984,0.06302462700177834,0.009159252576331503,0.06302462700177834,0.0,True,True,1,True,True,-0.17106591661681975,-3.975693351829396e-19,-0.2512163072405328,0.2512163072405328,0.0009038906756805629,0.0582427136855935,0.1273172984492387,0.0,0.07356623361328679
547,fixture_drift,3,high,mixed,0.24054292300961128,0.2152143655456487,0.025328557463962564,0.2152143655456487,0.0,True,True,1,True,True,-0.5557238086555286,0.0402239077953905,-0.2512163072405328,0.2512163072405328,0.0015152780068462472,0.2372865075711097,0.39127357105042204,1.1102230246251565e-16,0.26646341959189146
547,fixture_drift,4,low,waviness,0.1971819613780551,0.19047088267157228,0.006711078706482826,0.19047088267157228,0.0,True,True,1,True,True,-0.11766199079662,-3.180554681463517e-18,-0.1478648369957224,0.1478648369957224,0.0003210547342971651,0.1858536777405637,0.3772435010031533,2.7755575615628914e-17,0.215417290484572
547,fixture_drift,5,medium,tilt,0.18920957021688709,0.18442569911053192,0.00478387110635517,0.18442569911053192,0.0,True,True,1,True,True,-0.07725455143493494,0.0277033502574558,-0.2512163072405328,0.2512163072405328,0.000861300329543701,0.17315961661970672,0.37285937681115017,5.551115123125783e-17,0.20620001081274814
554,fixture_drift,1,high,bend,0.13587766881865235,0.13595243856444778,7.476974579542772e-05,0.13595243856444778,0.0,True,True,1,True,True,-0.0,-0.0,-0.2101938359805125,0.2101938359805125,0.0005890859824560345,0.1590123252876561,0.2358067595283313,2.42861286636753e-17,0.1750671311965157
554,fixture_drift,2,medium,mixed,0.20887149498653537,0.18735118942426682,0.021520305562268555,0.18735118942426682,0.0,True,True,1,True,True,-0.49509698153800424,0.0131727187921819,-0.2512163072405328,0.2512163072405328,0.0013659932902057356,0.19191698459578102,0.35992054799044504,5.551115123125783e-17,0.21799929648398955
554,fixture_drift,3,high,mixed,0.3310414870856951,0.27678876429092414,0.05425272279477095,0.26231264268535603,0.014476121605568104,False,True,2,True,False,-0.26350290480277816,0.003939311221151376,-0.37778810757686854,0.37778810757686854,0.00205125380893051,0.21788107018007907,0.4257664904473546,0.19703436291696347,0.24584187227604953
554,fixture_drift,4,extreme,twist,0.2861516110123024,0.24883370276544386,0.037317908246858544,0.24883370276544386,0.0,True,True,1,True,True,-0.05146828189976507,0.005644618634049347,-0.0999623960728189,0.0999623960728189,0.00013917925692542797,0.2231315770599147,0.42271576292160307,0.09851718241465351,0.25524346046592494
554,fixture_drift,5,low,tilt,0.2668964570149356,0.2425654120662214,0.024331044948714187,0.2425654120662214,0.0,True,True,1,True,True,-0.051151940273300854,-0.005920089796714118,-0.2512163072405328,0.2512163072405328,0.0008473681986490324,0.2267541945742685,0.4439779880883412,0.049258590550251335,0.2656818010236308
653,fixture_drift,1,medium,mixed,0.19916629551269546,0.144771106901505,0.05439518861119047,0.144771106901505,0.0,True,True,1,True,True,-0.2574229029226024,0.0321636318377577,-0.2512163072405328,0.2512163072405328,0.0009924091120889615,0.17300589903839175,0.2472666612808478,5.551115123125783e-17,0.1868933880573308
653,fixture_drift,2,medium,mixed,0.19000868095911727,0.20106023314448407,0.011051552185366798,0.20106023314448407,0.0,True,True,1,True,True,-0.08650294951919588,-1.5902773407317584e-18,-0.2512163072405328,0.2512163072405328,0.0008574249955687074,0.21131754718126713,0.3796469949733232,0.0,0.23770870498106955
653,fixture_drift,3,high,twist,0.18574458814331057,0.18410597279978727,0.001638615343523303,0.18410597279978727,0.0,True,True,1,True,True,-0.09884326219055946,-0.0,-0.2512163072405328,0.2512163072405328,0.0008623044200059366,0.18286680375064063,0.3618728699101321,0.0,0.20684070701555451
653,fixture_drift,4,low,bend,0.20927900195186389,0.21885814995625527,0.009579148004391386,0.1891196157191999,0.02973853423705536,False,True,3,True,True,-0.0710635932484565,-0.0,-0.2512163072405328,0.2512163072405328,0.0008522351801230788,0.21969312448108094,0.42701964960695143,0.0,0.24844317729845541
653,fixture_drift,5,medium,offset,0.23622948579189512,0.21211748389403626,0.024112001897858865,0.20221960303862885,0.00989788085540741,False,True,2,True,True,0.10156342229381457,-0.0,-0.2512163072405328,0.2512163072405328,0.000863467381643398,0.2076312195228631,0.4194004486283626,0.0,0.24007983448668552
655,fixture_drift,1,medium,mixed,0.03350317778963812,0.032827867654171554,0.0006753101354665669,0.032827867654171554,0.0,True,True,1,True,True,-0.0161358841337105,-0.0,-0.2512163072405328,0.2512163072405328,0.0008420172227287204,0.029046556412112918,0.06863492557760675,5.551115123125783e-17,0.03523423057255637
655,fixture_drift,2,medium,mixed,0.14146857340109859,0.1325863993367061,0.008882174064392484,0.1325863993367061,0.0,True,True,1,True,True,-0.029967605119317824,-0.004694155437009498,-0.2512163072405328,0.2512163072405328,0.0008435816580015278,0.13258698607193836,0.2569369058532507,1.3877787807814457e-17,0.15729231759149398
655,fixture_drift,3,high,offset,0.15137156732779403,0.1270273442239628,0.02434422310383122,0.1270273442239628,0.0,True,True,1,True,True,0.7819802503720066,3.975693351829396e-19,-0.24611781525157528,0.31279210014880265,0.0021121716919960953,0.12388645705097998,0.25049976092974424,0.0,0.14711478829745547
655,fixture_drift,4,low,mixed,0.20588236534161247,0.17363982108011733,0.03224254426149514,0.17363982108011733,0.0,True,True,1,True,True,-0.21892069218970045,0.0111813328310607,-0.2512163072405328,0.2512163072405328,0.0009448620948466202,0.16648825380963547,0.3469477426193959,2.7755575615628914e-17,0.19609022151407912
655,fixture_drift,5,medium,mixed,0.22770170298453843,0.17113207322040142,0.056569629764137014,0.17113207322040142,0.0,True,True,1,True,True,0.09838281728130226,-0.0270125481251222,-0.16282148095539628,0.16282148095539628,0.0003808829856311678,0.16108660895826266,0.34568198011238244,8.326672684688674e-17,0.19101496499207865
732,high_variation,1,high,bend,0.13788904757028078,0.13788904757028128,4.996003610813204e-16,0.1312646230138717,0.006624424556409575,False,True,2,False,True,0.0,0.0,0.0,0.0,0.0,0.15534594386731732,0.246477278666448,3.018476103814158e-17,0.17342080810151675
732,high_variation,2,high,mixed,0.27340191340766345,0.2682901465813416,0.005111766826321862,0.137129046130785,0.1311611004505566,False,True,2,True,True,-0.28047071661972295,-8.647297065482188e-19,-0.0802667115721209,0.11218828664788918,0.00025371942196788003,0.25294187237708265,0.5430942489229013,2.7755575615628914e-17,0.29479310191346414
732,high_variation,3,high,mixed,0.3308229953527305,0.256548948755989,0.07427404659674153,0.17817025814008242,0.07837869061590658,False,False,5,True,False,-0.2049403677325019,-0.01053592139577314,-0.45,0.45,0.0027906290125596775,0.16532409352401017,0.494897300565958,0.12806160354035084,0.2006404946689332
732,high_variation,4,extreme,bend,0.34717664760213707,0.31012424990004456,0.03705239770209251,0.31012424990004456,0.0,True,True,1,False,True,0.0,0.0,0.0,0.0,0.0,0.28040643483267075,0.5200160081067104,0.1280616035403509,0.31579035956124923
732,high_variation,5,medium,mixed,0.39183683566965094,0.3677481117791443,0.024088723890506647,0.30529138842562153,0.06245672335352276,False,True,2,True,True,-0.45461075139896157,0.04460006008271708,-0.09731218958746267,0.18184430055958462,0.0005855783562828662,0.2286997146465442,0.7062079772522645,0.19609427705527605,0.28447521092918887
735,high_variation,1,high,waviness,0.06542066529249284,0.06542066529249314,3.0531133177191805e-16,0.06542066529249314,0.0,True,True,1,False,True,0.0,0.0,0.0,0.0,0.0,0.07369094717127729,0.1169494811949503,8.593308468440367e-17,0.08228536782624847
735,high_variation,2,high,mixed,0.19936523275863774,0.19854549572018837,0.0008197370384493696,0.1940188873622703,0.004526608357918072,False,True,2,True,True,0.6140001562283278,-0.005305252480480698,-0.0,0.24560006249133112,0.0008045191509792179,0.18577075068033075,0.40370662429403065,1.1102230246251565e-16,0.21702283227879915
735,high_variation,3,high,tilt,0.15275168659957847,0.148574355588415,0.004177331011163465,0.148574355588415,0.0,True,True,1,True,True,-0.08803278215323593,-0.021083074119435698,-0.0,0.035213112861294374,2.0648548068111734e-05,0.12809629346638518,0.3156738421407947,2.7755575615628914e-17,0.15443314906261058
735,high_variation,4,medium,offset,0.14262720566713208,0.12824517327933602,0.014382032387796062,0.12569639154891682,0.0025487817304191973,False,True,2,False,True,0.07398631663870103,7.951386703658792e-19,-0.0,0.029594526655480412,1.1677813439492544e-05,0.11105882587495561,0.2716574510641767,0.0,0.1343029019759632
735,high_variation,5,high,mixed,0.26593893822831105,0.2815857082470591,0.015646770018748035,0.25111541332464926,0.030470294922409824,False,True,3,True,True,-0.022008195538308985,0.0015854618164992,-0.0,0.008803278215323593,1.0565776642220362e-06,0.23934921169170326,0.6024743253090034,5.551115123125783e-17,0.29038647146847146
757,high_variation,1,high,mixed,0.056855999822901813,0.056855999822901834,2.0816681711721685e-17,0.056855999822901834,0.0,True,True,1,False,True,0.0,0.0,0.0,0.0,0.0,0.04858091243093634,0.1201862909895391,2.090138224840086e-17,0.06225838796759194
757,high_variation,2,high,tilt,0.05169887725360029,0.05168926051536785,9.616738232437472e-06,0.05168926051536785,0.0,True,True,1,True,True,-0.014965472417030203,-0.0027985148777015995,-0.0,0.005986188966812081,5.503083846250766e-07,0.048208133600973646,0.1052208185725089,1.734723475976807e-17,0.056605748633230896
757,high_variation,3,extreme,twist,0.049850484519286566,0.04993021243003272,7.972791074615376e-05,0.04993021243003272,0.0,True,True,1,True,True,-0.0074827362085150995,4.969616689786745e-19,-0.0,0.00299309448340604,1.1944819448794226e-07,0.04997927320006094,0.0977380823639938,1.0408340855860843e-17,0.05615005760816302
757,high_variation,4,medium,mixed,0.05449950096379,0.05080876813037937,0.0036907328334106274,0.05080876813037937,0.0,True,True,1,True,True,-0.15259929193446148,2.981770013872047e-19,-0.0,0.06103971677378459,4.9677960317651204e-05,0.05412051139893189,0.0953867654100547,0.0,0.05956585087683398
757,high_variation,5,high,bend,0.18563892495572654,0.1905032305316226,0.004864305575896066,0.10907261234651712,0.08143061818510548,False,False,4,False,True,0.0,0.0,0.0,0.0,0.0,0.17966812609959099,0.3801999516186535,3.469446951953614e-17,0.22542807216149272
781,high_variation,1,high,tilt,2.037198172401818e-11,0.0,2.037198172401818e-11,0.0,0.0,True,True,1,True,True,-0.0,0.0150111536242482,-0.0,0.0125092946868735,2.0864327141738873e-06,0.0,0.0,0.0,0.0
781,high_variation,2,high,tilt,0.0029216852378007633,0.0,0.0029216852378007633,0.0,0.0,True,True,1,True,True,-0.0,0.0243417619160364,-0.0,0.020284801596697,5.486309010898149e-06,0.0,0.0,0.0,0.0
781,high_variation,3,extreme,twist,0.00764138800240127,0.007571822986273153,6.95650161281168e-05,0.007571822986273153,0.0,True,True,1,False,True,0.0,0.0,0.0,0.0,0.0,0.007804768172547157,0.014345632951853836,6.067573020014495e-18,0.00926702648952854
781,high_variation,4,medium,waviness,0.043309849892087394,0.0429549558037818,0.00035489408830559344,0.0429549558037818,0.0,True,True,1,True,True,0.0039023840862735786,1.738231629671388e-19,-0.0,0.0015609536345094314,3.248768332117605e-08,0.04564482432724814,0.08051344829373261,5.637851296924623e-17,0.05107474017487558
781,high_variation,5,high,waviness,0.08718567907813823,0.08649871809777819,0.0006869609803600435,0.08649871809777819,0.0,True,True,1,True,True,0.0019511920431367884,1.6151254241806922e-18,-0.0,0.0007804768172547154,8.121920830294007e-09,0.09532590033078221,0.15754158700298912,8.586881206085195e-17,0.10638471897646759
786,high_variation,1,high,bend,0.20625241750370532,0.20625241750370502,3.0531133177191805e-16,0.11723589493434801,0.089016522569357,False,False,4,False,True,0.0,0.0,0.0,0.0,0.0,0.23236418726946537,0.368677102935084,4.514992340283699e-17,0.2594003044234022
786,high_variation,2,high,waviness,0.1828624688168054,0.17892339112692915,0.0039390776898762525,0.17892339112692915,0.0,True,True,1,True,True,-0.11618209363473268,-1.2934500281607518e-18,0.0846656052736934,0.0846656052736934,0.00012437319116502437,0.15891018397343012,0.3745466932175079,8.326672684688674e-17,0.1888632796964772
786,high_variation,3,high,mixed,0.3755158268384163,0.38544276097653496,0.009926934138118682,0.3112409541626992,0.07420180681383576,False,False,5,True,True,0.9460694332577888,2.3854160110976377e-18,-0.0,0.3784277733031155,0.0019094343947620564,0.33634886331334246,0.8135466081310655,2.220446049250313e-16,0.404741195432125
786,high_variation,4,extreme,bend,0.5056757440832769,0.307838769655116,0.1978369744281609,0.307838769655116,0.0,True,True,1,True,False,-0.3427094749645846,-0.001052715939466986,-0.45,0.45,0.0029505698009033026,0.2766713946012553,0.6165893771867768,0.01837335923399197,0.3434853034850878
786,high_variation,5,medium,offset,0.34180242414134643,0.3957412984775636,0.05393887433621719,0.3116555563861442,0.08408574209141945,False,True,3,False,True,0.0,0.0,0.0,0.0,0.0,0.31117675889652424,0.860871285991369,0.01837335923399197,0.38614877240998025
836,disturbed,1,extreme,mixed,0.2373418508392161,0.2379160399716412,0.0005741891324251014,0.17687911760597852,0.06103692236566269,False,True,3,True,True,-0.1497152794487587,-0.015407857976826799,-0.099211387607671,0.099211387607671,0.00018125477834433096,0.23968576814201414,0.46219223344992755,1.3449411480348505e-09,0.2735263909057639
836,disturbed,2,high,bend,0.3118316665781976,0.3781330925304792,0.06630142595228161,0.15461371896068743,0.2235193735697918,False,False,6,True,False,-0.38829409262332726,-0.025963704233299245,0.08011612678179869,0.1553176370493309,0.00041347062437245693,0.30478021431963703,0.6351373056884686,0.2043346024701864,0.348574557869916
836,disturbed,3,high,mixed,0.34816908789454915,0.29753439118292213,0.050634696711627014,0.2400146508919184,0.057519740291003735,False,True,2,True,True,-0.26005976585170404,-0.001643285675500825,-0.099211387607671,0.10402390634068162,0.00027554330387637117,0.259974094080673,0.5299179197053983,0.10216729807734853,0.29916597623896213
836,disturbed,4,extreme,bend,0.31815421633466767,0.3060872714085203,0.01206694492614735,0.24856367595985535,0.05752359544866498,False,True,3,True,True,-0.2226823875456337,-0.011329317981460973,-0.099211387607671,0.099211387607671,0.00023821366778895058,0.2905864521608079,0.5676146564801569,0.051083646658680426,0.333018448186268
836,disturbed,5,medium,tilt,0.327586241141197,0.27103975031917504,0.056546490822021955,0.26362919189465794,0.0074105584245171,False,True,2,True,True,-0.22746413160802031,-0.02216118817381359,-0.099211387607671,0.099211387607671,0.0002461645702141043,0.2720690467302075,0.5019923849213351,0.025541836047728472,0.3115877000939372
839,disturbed,1,high,twist,0.015395400922903072,0.015386111713211428,9.289209691643388e-06,0.015386111713211428,0.0,True,True,1,True,True,-0.1497152794487587,-0.0142561954633208,-0.099211387607671,0.099211387607671,0.00018093845447076005,0.015367705936156372,0.029831787373746504,3.8163916471489756e-17,0.018262637202405545
839,disturbed,2,high,mixed,0.1297900850021622,0.11730857831902493,0.012481506683137258,0.11730857831902493,0.0,True,True,1,True,True,-0.1573991324168369,0.027517050220145806,-0.099211387607671,0.099211387607671,0.0001911018982588052,0.1365810680632166,0.2038961112585878,8.712362953300357e-08,0.1516539838539475
839,disturbed,3,high,twist,0.10260196897123565,0.08808628879166912,0.014515680179566531,0.08808628879166912,0.0,True,True,1,True,True,-0.2179359338806868,-0.014256192967412665,-0.23261847134463037,0.23261847134463037,0.0008246915044763306,0.09644530644970803,0.16086288965393286,4.356181204645537e-08,0.10893816892033237
839,disturbed,4,medium,mixed,0.20944032380414185,0.1920520503854678,0.01738827341867405,0.1920520503854678,0.0,True,True,1,True,True,-0.2587153246972715,-0.014256194215366811,-0.099211387607671,0.1034861298789086,0.00027591222338459105,0.21975975996221528,0.3388370288025852,2.178090460769333e-08,0.24473007221756285
839,disturbed,5,high,twist,0.1548864120893311,0.1457749922685715,0.009111419820759609,0.1457749922685715,0.0,True,True,1,True,True,-0.25235669135344585,-0.014256194839343846,-0.099211387607671,0.10094267654137834,0.00026897948848296315,0.16463030456773037,0.2610813765195079,1.0890451623835062e-08,0.1806148467526453
885,disturbed,1,high,waviness,0.038132352818580045,0.0401286119534455,0.0019962591348654524,0.0401286119534455,0.0,True,True,1,True,True,-0.1497152794487587,-0.0142561954633208,-0.099211387607671,0.099211387607671,0.00018093845447076005,0.03708315895256912,0.08234836355619307,1.734723475976807e-17,0.042991552008168364
885,disturbed,2,high,mixed,0.26190607067485494,0.28721651050124486,0.02531043982638992,0.1842619997293653,0.10295451077187956,False,False,4,True,True,-0.15699118673017237,-0.0142561954633208,-0.099211387607671,0.099211387607671,0.00018569913246655294,0.2744320372166216,0.5768579485306394,6.591949208711867e-17,0.31829514777066553
885,disturbed,3,high,mixed,0.2671980931869582,0.221220586649814,0.04597750653714419,0.22045799984321474,0.0007625868065992691,False,True,2,True,True,-0.25342062243635205,-0.022862246028457194,-0.099211387607671,0.10136824897454082,0.00027308526861481025,0.19947179306147053,0.458855830330785,1.4912778373288305e-08,0.2372229515830385
885,disturbed,4,medium,mixed,0.32629529364432897,0.27493523641636763,0.05136005722796133,0.23810436428711046,0.036830872129257175,False,True,3,True,True,-0.6524978647652201,-0.0002962126331778687,-0.099211387607671,0.260999145906088,0.0010395135270218488,0.25945461155608984,0.5566810324935416,7.1429704928682725e-09,0.30094541058587065
885,disturbed,5,high,waviness,0.2816941373755013,0.2825639106538825,0.0008697732783811696,0.2825639106538825,0.0,True,True,1,True,True,-0.24455958574957903,-0.014256195258689769,-0.099211387607671,0.099211387607671,0.0002607138700574531,0.2505154930809948,0.5887501000593318,3.571485107656258e-09,0.30784231640338955
888,disturbed,1,high,mixed,0.18300560901050744,0.1834131314143234,0.0004075224038159464,0.1834131314143234,0.0,True,True,1,True,True,-0.1497152794487587,-0.0142561954633208,-0.099211387607671,0.099211387607671,0.00018093845447076005,0.17325819371579068,0.3706016263157278,1.734723475976807e-17,0.20255185404867837
888,disturbed,2,high,tilt,0.17759093799509343,0.14545397016957823,0.0321369678255152,0.14545397016957823,0.0,True,True,1,True,True,-0.23058022125453037,0.003637283348312702,0.0718311851732865,0.09223208850181215,0.00018234219593143736,0.13048231942851246,0.30189858998483093,4.932960984138646e-09,0.1573969586568691
888,disturbed,3,high,mixed,0.14843244096954297,0.1259679719994851,0.022464468970057883,0.1259679719994851,0.0,True,True,1,True,True,-0.19742365763305822,-0.005190829959505076,-0.18508439729088288,0.18508439729088288,0.0005401482909806253,0.11169474997980938,0.2621201449253664,1.1001480976213784e-09,0.1382350319788794
888,disturbed,4,extreme,mixed,0.25030464225821264,0.19073835722468505,0.059566285033527594,0.19073835722468505,0.0,True,True,1,True,True,0.6173280546621984,0.014804926338321879,-0.099211387607671,0.24693122186487937,0.0009462685353907645,0.18247553646310138,0.38217541495441043,3.206019849599784e-08,0.21343062181371977
888,disturbed,5,medium,waviness,0.23103988153507485,0.23615624667661658,0.005116365141541734,0.23615624667661658,0.0,True,True,1,True,True,-0.16868935843247013,-0.014256194544863767,-0.099211387607671,0.099211387607671,0.00019382684835721943,0.23499007743688863,0.4620652754421265,1.6030098276553773e-08,0.27039636003882594
950,disturbed,1,extreme,tilt,0.014881955835116773,0.01474162784774512,0.0001403279873716523,0.01474162784774512,0.0,True,True,1,True,True,-0.1497152794487587,-0.0182965561673217,-0.099211387607671,0.099211387607671,0.0001821562772346077,0.014551814562827317,0.028778293007088784,5.603059797382182e-09,0.01742593895852352
950,disturbed,2,high,mixed,0.11271732612910951,0.11145264637619742,0.0012646797529120846,0.11145264637619742,0.0,True,True,1,True,True,-0.15699118673017237,-0.01425619530280496,-0.099211387607671,0.099211387607671,0.00018569913242417622,0.10677900971188149,0.22408679665526823,2.8015298102201935e-09,0.12192903625593571
950,disturbed,3,high,twist,0.10954333296546818,0.11048442544245611,0.0009410924769879259,0.11048442544245611,0.0,True,True,1,True,True,-0.16493039633407616,-0.014256195383062883,-0.099211387607671,0.099211387607671,0.00019115151201649542,0.10670941241970898,0.2211738254493551,1.400764785414177e-09,0.12119453661507443
950,disturbed,4,extreme,twist,0.11549923164749235,0.11343199496820001,0.002067236679292331,0.11343199496820001,0.0,True,True,1,True,True,-0.16012867149902463,-0.014256195423191844,-0.29193094119383217,0.29193094119383217,0.001192898711006523,0.10706521478074556,0.23026084408197703,7.003823597473424e-10,0.12234177099268531
950,disturbed,5,medium,twist,0.12945537440284344,0.11076304875410677,0.01869232564873667,0.11076304875410677,0.0,True,True,1,True,True,-0.13998898987854208,-0.014256195443256323,0.017257349681318604,0.05599559595141683,4.7659482050408514e-05,0.10804811327809347,0.21994368679001497,3.501911798736712e-10,0.12365508628616893
