assembly_id,component_index,scenario,deviation_value,nominal_mean_gap,nominal_max_gap,nominal_parallelism,nominal_quality,corrected_mean_gap,corrected_max_gap,corrected_parallelism,corrected_quality
1,1,offset,0.10665097791405097,0.10665097791405093,0.10665097791405097,0.0,0.07465568453983568,0.0,0.0,0.0,0.0
1,2,tilt,-0.02599960265601239,0.1393969744753705,0.3335403287662037,0.4537787017043055,0.29500809882426293,0.0,0.0,0.0,0.0
1,3,bend,0.2600360956645166,0.2830827470273385,0.4079397345721923,0.45377870170430545,0.374634946020045,0.0783851944548584,0.1300180478322583,2.7755575615628914e-17,0.07133096878087997
1,4,waviness,0.13762258865564855,0.3078306938016545,0.5337394752203832,0.45377870170430556,0.42225397129704384,0.09830495855270838,0.20670390738603445,8.326672684688674e-17,0.10313748477268442
1,5,twist,-0.29265527829807547,0.3415219889781274,0.5682122736730437,0.4537787017043055,0.446420914828174,0.1026968646722551,0.2950945151737025,0.15323394658859546,0.1783795320555514
2,1,offset,-0.4557628274018113,0.45576282740181123,0.4557628274018113,0.0,0.31903397918126786,0.0,0.0,0.0,0.0
2,2,tilt,0.0031960100791821344,0.4557628274018113,0.48365327683506487,0.05578089886650717,0.344164389339154,0.0,0.0,0.0,0.0
2,3,bend,0.17470059261251344,0.34565519963017716,0.48365327683506487,0.05578089886650717,0.3005592780459677,0.05266168871023964,0.08735029630625672,2.7755575615628914e-17,0.04792243355984551
2,4,waviness,0.09932795369982846,0.34565519963017716,0.48987467072584084,0.05578089886650711,0.30303466896896136,0.06959650421351664,0.14552880045510194,4.163336342344337e-17,0.072709077251856
2,5,twist,-0.127956589136037,0.32549854276882184,0.48365327683506487,0.05578089886650711,0.293127607934988,0.06988253376705274,0.1785785297603333,0.0669979135016085,0.10308884161914762
3,1,offset,0.30778929120199,0.30778929120199,0.30778929120199,0.0,0.215452503841393,0.0,0.0,0.0,0.0
3,2,tilt,0.01944479838572371,0.30778929120199,0.4774771748253203,0.33937576724666063,0.369722872617983,0.0,0.0,0.0,0.0
3,3,bend,0.2052824558048973,0.4371715897609106,0.542202639358097,0.33937576724666063,0.4409053475459522,0.06188027541067821,0.10264122790244865,2.7755575615628914e-17,0.056311399418844686
3,4,waviness,0.1450896482787213,0.4371715897609105,0.682879497850647,0.3393757672466605,0.48368597001331304,0.09761282626097982,0.19850977193964398,8.326672684688674e-17,0.10003493623720686
3,5,twist,0.07012640133780684,0.4261247666294727,0.6653478975161954,0.3393757672466605,0.4740986261103222,0.0995717980996987,0.2271376529111998,0.036718097894092014,0.12055700912009717
4,1,offset,-0.30075236200913336,0.3007523620091335,0.30075236200913336,0.0,0.2105266534063934,0.0,0.0,0.0,0.0
4,2,tilt,0.009218769602062471,0.3007523620091334,0.3812013039727363,0.16089788392720594,0.28329433391089354,0.0,0.0,0.0,0.0
4,3,bend,0.1232893919336801,0.2230474024997265,0.3812013039727363,0.16089788392720597,0.2526605214547811,0.03716431342443619,0.06164469596684005,1.3877787807814457e-17,0.033819734697066714
4,4,waviness,0.13513801205229092,0.22304740249972643,0.39093276171808367,0.16089788392720586,0.2569992569631077,0.08741231571725129,0.16600302565362446,8.326672684688674e-17,0.08582575618061422
4,5,twist,-0.007488886647937934,0.22186769835588133,0.3889894933674726,0.16089788392720586,0.2559514659867854,0.08722432193073734,0.16284085802806336,0.003921171879474758,0.0859697090193067
5,1,offset,-0.0647018272408412,0.0647018272408412,0.0647018272408412,0.0,0.04529127906858883,0.0,0.0,0.0,0.0
5,2,tilt,-0.017023238610098534,0.08896899199410056,0.21325761316153047,0.29711157184137854,0.19061335661729908,0.0,0.0,0.0,0.0
5,3,bend,0.29780330709392244,0.1623692616859282,0.2482371057292183,0.2971115718413785,0.2300087921342985,0.08976973014536137,0.14890165354696122,2.7755575615628914e-17,0.08169096042945267
5,4,waviness,0.09381882071724792,0.18194090945607333,0.3411480577914945,0.2971115718413786,0.2657026470159992,0.08691740616788367,0.1956171863151408,2.7755575615628914e-17,0.09544256215546265
5,5,twist,-0.06424917332446609,0.18806366598533023,0.34419425947048204,0.2971115718413786,0.26901723199986477,0.08828754073435263,0.19540210525981885,0.033640788498583735,0.10596805561065972
6,1,offset,-0.12324674267088034,0.12324674267088037,0.12324674267088034,0.0,0.08627271986961625,0.0,0.0,0.0,0.0
6,2,tilt,0.01330772963883372,0.12324674267088036,0.23937859384062188,0.23226370233948307,0.1925291459787191,0.0,0.0,0.0,0.0
6,3,bend,0.2292355251491263,0.08612115639674026,0.23937859384062188,0.23226370233948312,0.17741683789226173,0.06910068069149132,0.11461776257456315,2.7755575615628914e-17,0.06288200892301053
6,4,waviness,0.11650930446383954,0.1000127652365929,0.23937859384062188,0.232263702339483,0.18335484281448114,0.08423873897361378,0.17755539611992227,5.551115123125783e-17,0.0885556794798114
6,5,twist,0.0646231504511824,0.10193984971992488,0.23937859384062188,0.232263702339483,0.1839386254098877,0.08535960163008606,0.2039366708432961,0.033836602464457174,0.10720415636052416
7,1,offset,0.7495766603046614,0.7495766603046612,0.7495766603046614,0.0,0.5247036622132629,0.0,0.0,0.0,0.0
7,2,tilt,-0.01016037540961539,0.7495766603046614,0.8382426633023055,0.1773320059952881,0.6046811516288366,0.0,0.0,0.0,0.0
7,3,bend,0.15902058167427702,0.8498017296829657,0.918710098637111,0.1773320059952881,0.6690355908377696,0.04793511141216461,0.07951029083713851,1.3877787807814457e-17,0.04362122157671304
7,4,waviness,0.0674490908700849,0.8498017296829655,0.9851602359612275,0.1773320059952881,0.6891758769175265,0.05202216805689206,0.11482585741577263,4.163336342344337e-17,0.05639176323233597
7,5,twist,0.09239691338632434,0.8352466927696536,0.9815428697634399,0.1773320059952881,0.6823002840497651,0.05404628196859063,0.14792542673983194,0.04837891075588546,0.08194341729973027
8,1,offset,0.395140302452312,0.395140302452312,0.395140302452312,0.0,0.2765982117166184,0.0,0.0,0.0,0.0
8,2,tilt,-0.002848686441371877,0.39514030245231213,0.4199997813522259,0.04971895779982771,0.29899832154049144,0.0,0.0,0.0,0.0
8,3,bend,0.13278748184299777,0.47883157335675974,0.5288694736512726,0.04971895779982771,0.36531077373670684,0.040027414497343074,0.06639374092149888,1.3877787807814457e-17,0.03642517281160298
8,4,waviness,0.06702075137235042,0.47883157335675974,0.5946220392270513,0.04971895779982777,0.385303317793409,0.048560404497008915,0.10239678974352527,4.163336342344337e-17,0.05106697517333981
8,5,twist,0.09758891817370516,0.46345865391290864,0.5908609336365077,0.04971895779982777,0.37807950442910476,0.05149889162655727,0.1422357645229439,0.05109743811218556,0.07986626888792832
9,1,offset,0.2601389599212048,0.26013895992120467,0.2601389599212048,0.0,0.1820972719448433,0.0,0.0,0.0,0.0
9,2,tilt,0.013578856707629875,0.2601389599212048,0.3786368412420904,0.23699576264177122,0.2896473515805649,0.0,0.0,0.0,0.0
9,3,bend,0.14675922341690445,0.3526361272312437,0.42675007101569684,0.23699576264177122,0.3411407136843672,0.0442390516446591,0.07337961170845222,1.3877787807814457e-17,0.04025778635502672
9,4,waviness,0.1092864529226688,0.3526361272312436,0.5324487955840811,0.23699576264177116,0.3732893121965953,0.07295697599942462,0.14730707971972573,6.938893903907228e-17,0.07441765835713902
9,5,twist,0.017502871371109233,0.34987894704460387,0.5280730777413037,0.23699576264177116,0.37089190550012247,0.07337468713487637,0.15445232186244456,0.009164482019623957,0.07950044890139135
10,1,offset,0.07654100885515452,0.07654100885515454,0.07654100885515452,0.0,0.05357870619860817,0.0,0.0,0.0,0.0
10,2,tilt,0.02178571944870475,0.11125875974124554,0.26665728516511855,0.38023255261992805,0.2409158648434112,0.0,0.0,0.0,0.0
10,3,bend,0.2178876439019746,0.22707803334596452,0.32899583149871725,0.38023255261992805,0.30592636570803455,0.0656799791310579,0.1089438219509873,2.7755575615628914e-17,0.0597691512218473
10,4,waviness,0.1271565425228758,0.21885690251662496,0.45282552007285826,0.38023255261992794,0.34118943277649955,0.08858128677097996,0.18467832373228663,6.938893903907228e-17,0.0923438038441607
10,5,twist,0.010136860423333718,0.2173871340876614,0.45029130496702485,0.38023255261992794,0.3398640328607843,0.08874895721339594,0.1888165203033061,0.0053076477061182875,0.09525524072785643
