assembly_id,component_index,greedy_quality,lookahead_quality,greedy_utilization,lookahead_utilization,predicted_two_step_quality,greedy_z,greedy_theta,greedy_locator,lookahead_z,lookahead_theta,lookahead_locator
100015,1,0.002106394378296612,4.207604382598186,0.003730276517854306,0.3480892721010284,0.0033324154774368956,-0.004162671798514636,1.0435190141784062e-08,0.003730276517854306,-0.521357088607183,-0.4177071265212341,0.34152666665604725
100015,2,0.0033321838872411545,8.401238026024675,0.002126637632792409,0.5537815035603818,0.005002800881586494,-0.002422217049366258,-1.3337266077732666e-08,0.002126637632792409,-1.3844537589009545,-0.3768937985436399,-0.5114789491268559
100015,3,0.006573272834465209,9.99453699285386,0.0069239124904503235,0.9476136121713881,0.13240453569588806,-0.009010562864652238,-4.9535682511869794e-05,0.0069239124904503235,0.5365805738968943,-0.18233500753274656,-0.9476136121713881
100015,4,0.027904056946705023,10.101159100424514,0.0010425702144252237,0.8114477928289923,0.06002657923599799,-0.0004984161318687258,4.963754218808998e-05,0.0010425702144252237,0.8087729228437607,-0.04663525058291542,0.8114477928289923
100015,5,0.06391373241884916,0.06012169214497222,0.013649704613889257,0.8528769601279522,,-0.000548700367111743,-0.0003783552955188174,0.013649704613889257,0.5441579679397143,1.0234523521535426,0.3248694954400763
100022,1,0.04480096410165643,8.838567265417073,1.3116002991225369e-06,0.737581825640651,0.12297222192213872,1.5938898047369953e-07,-3.436300481753731e-09,-1.3116002991225369e-06,0.7748744540045132,-0.8850981907687812,0.2670201014670942
100022,2,0.08147743671520147,0.2323394796342475,0.057367220130306776,0.7423105098588267,0.11253254474759943,-0.023030420467276946,2.6536972219277627e-09,0.057367220130306776,-0.5428917381114737,0.8907726118305921,-0.3244601726441332
100022,3,0.08917857920814122,4.008377967914735,0.19186409926181414,0.4632794212095813,0.1185929015147339,-0.07009250408948786,-1.2559936449113584e-09,-0.19186409926181414,0.2777782323258571,0.38623239968889767,0.4632794212095813
100022,4,0.1190017836062515,1.6785412540088003,0.11905171845636209,0.20845835885984432,0.16469494464758933,-0.12490029572517602,-4.015710552285334e-05,-0.11905171845636209,-0.4889464075368402,-0.2272823914443596,0.20845835885984432
100022,5,0.14757599735669552,0.14779108021676993,0.032715049813601696,0.8183674236982004,,-0.004458311892669627,4.0182654454945744e-05,-0.032715049813601696,-0.24803420308973947,-0.16463046606298598,-0.8183674236982004
100030,1,0.002625566202019922,4.291136696186128,0.004620272297475121,0.3615104089179282,0.01652168085303551,0.005188063629159782,3.1689269658368226e-08,-0.004620272297475121,0.2951296068867087,-0.4338124907015138,-0.29806539607192395
100030,2,0.018865509293800577,3.6043932940129833,0.13277120587719915,0.5496968427575736,0.17608161847976872,0.04569882515778778,0.03583092754590966,-0.13277120587719915,-1.374242106893934,0.14108260351395555,0.4118634223131792
100030,3,0.10631585451231841,1.8279216691793063,0.24794514883813906,0.4180987110983092,0.12328028577195561,-0.6198628720953476,-9.560606896589577e-05,-0.18620783483139816,0.15561396610151157,0.501718453317971,-0.14438081006829584
100030,4,0.10693988548205431,7.381829575834131,0.3259488397408302,0.7474699669277726,0.10665576429888232,-0.8148720993520755,-7.959778723130028e-05,0.0059187408957521725,-1.8686749173194315,0.5341039757923544,-0.16385111188337087
100030,5,0.10657263446029523,0.10773625906779281,0.1575085170557518,0.5894512739346534,,-0.0017947588479083865,7.960227666472508e-05,-0.1575085170557518,1.400712320036328,-0.707341528721584,-0.2221117025116064
100031,1,0.029557051173866995,8.260758592451397,0.1405582973953309,0.6794007907475714,0.04557420713220453,-0.055144903835189926,-4.612590833312556e-09,-0.1405582973953309,1.1380450016635562,-0.8152809488970857,-0.6454740160884386
100031,2,0.029571221612561625,0.23733613258248537,0.11334072994795227,0.6779379344443537,0.10624194557475694,0.2833518248698807,-3.4847758834648038e-06,0.014293006612372833,-0.6484351141963054,0.8135255213332244,0.6346059475037562
100031,3,0.11057818446591858,2.523579305437613,0.1883599560988436,0.7165457046259116,0.12953593782576397,-0.017351970329687605,0.00014668539330253694,0.1883599560988436,0.3667101258769193,-0.22892517839770557,0.7165457046259116
100031,4,0.13030789429945155,6.191816894907873,0.10716154310050166,0.7025478979985393,0.1560870074942989,-0.26790385775125414,-0.0001432016831899101,0.014082815045957476,-0.10721822763262306,0.8430574775982472,-0.24404304236923258
100031,5,0.14436590154368656,0.14432248826885152,0.19116765085700316,0.5826886257481744,,-0.07872999827233886,1.4009078999294008e-09,-0.19116765085700316,-0.8845295991653258,-0.6124128311329713,-0.5826886257481744
100039,1,0.03870768743595149,9.333316749597289,0.14153509787472784,0.7911250490392501,0.06164523576413437,0.02334077150266835,-3.7098811960488717e-09,-0.14153509787472784,-0.3664307111737782,0.9493500588471,0.4520294283820434
100039,2,0.05936955560309233,3.0351191795677153,0.19924264808904157,0.9552752270130038,0.1339294007209132,-0.4496839318459178,-0.010456652532164722,-0.19924264808904157,2.07256568744982,-1.1463302724156046,-0.0554968140578824
100039,3,0.1339280666359987,7.793811557028827,0.025396130198355307,0.797242379884372,0.24583748407375466,-0.022490741034292806,-0.00020802701413731272,0.025396130198355307,-1.1504409341157371,0.9566908558612464,0.0025101984442403857
100039,4,0.13418256065193068,5.843061263881309,0.04035584414350701,0.5981123959721555,0.26919348405311166,-0.0594653905945392,-4.0950723254413726e-08,0.04035584414350701,-1.4952809899303887,-0.18318020575462635,0.17203014876588285
100039,5,0.15063535330350342,0.15081115837592865,0.18404743191192155,0.9982481145077657,,-0.37833816533901904,4.250620769332925e-08,-0.18404743191192155,0.05110946859294388,-0.5871967677970499,-0.9982481145077657
100072,1,0.017167592119621787,9.924238386679377,0.06191704428123934,0.7938822441741069,0.03376449025622298,-0.15479261070309835,-0.00026661081970762445,-0.048076798853682434,1.7346396538910274,0.9526586930089282,0.23621994146806416
100072,2,0.03480011608790315,6.738588981193401,0.1213614426198657,0.7760138291769544,0.1107091166125681,-0.30340360654966425,0.012084735759012944,0.006180595632415242,-1.940034572942386,-0.2535027028542114,-0.39254760893914037
100072,3,0.1099835038951118,5.048435726981118,0.11209321131776351,0.9790105262974346,0.16190707786281783,-0.28023302829440877,0.014000824723119408,-0.05219768672227555,0.05381101680997702,-1.1748126315569214,0.124316584821627
100072,4,0.13512963692992994,7.966711500828951,0.24715002265830288,0.8545232438274868,0.2126370587681461,-0.03936643716765638,0.022615535459797918,-0.24715002265830288,-2.136308109568717,-0.23447152961214196,-0.5788966867939314
100072,5,0.17457118014979606,0.1743633520032663,0.1566053387078727,0.6321651323905958,,-0.3045097376341843,-5.664647037942022e-10,0.1566053387078727,1.2074050453004084,0.758598158868715,0.3948658541374039
100079,1,0.04737854976329852,2.142650483114616,0.27239241866127295,0.20387804307787705,0.08257568200439573,-0.27437291817016596,-5.2121624443923766e-05,-0.27239241866127295,0.2894735325687324,0.19738794474810292,0.20387804307787705
100079,2,0.08262761144461692,1.969187085284971,0.08988574965131649,0.9517305307842623,0.08094266418460411,-0.22471437412829123,5.2116960342283405e-05,-0.038311939362290784,-2.3793263269606557,-0.30774849687425715,0.022675061857940923
100079,3,0.08103518496224844,4.5090615595596475,0.07187644150702845,0.9681875359404146,0.21705158021460888,-0.1796911037675711,3.5793133963112364e-09,0.024756215755647317,2.0493848298105184,-0.33702519948920057,-0.9681875359404146
100079,4,0.08844622417884379,10.026376473843394,0.09933262996226377,0.47214529946277434,0.13489437213282357,-0.2010594932121451,3.7057875174628664e-05,-0.09933262996226377,-0.09548134670795022,-0.5665743593553292,0.16580723160460542
100079,5,0.13501230174122034,0.13497342961966485,0.10718217156883433,0.844905788112104,,-0.26795542892208585,-4.800945178497552e-05,-0.0644588460722592,-1.0118773990827328,1.0138869457345248,0.12467276945771648
100089,1,0.024472210186936367,8.167449084675525,0.06575629590090992,0.6808856575311899,0.10171163190395442,0.11519204208018441,0.00012976955796473177,-0.06575629590090992,0.8716207763543987,-0.8170627890374279,0.09368583998828584
100089,2,0.01296698896313577,1.9554435338447174,0.05802957238476303,0.5204552294422363,4.98139408090062e-08,-0.05497208827601574,0.0008747868218688559,0.05802957238476303,-1.0993610655025714,0.6245462753306835,0.22319860844885017
100089,3,0.004138744265501604,8.41835773507224,0.06511828495383008,0.8580922402211415,0.00516409888880689,-0.16279571238457521,-0.005924152267177869,0.003285999868753793,-0.7189685861261453,1.0297106882653697,0.23212050378755342
100089,4,0.005341131122530326,2.805008445308493,0.06877029865131806,0.564004420885545,0.024712758482224834,-0.17192574662829516,2.0855729752024613e-05,0.014458884644034735,1.4100110522138625,-0.5856223510725184,-0.05383179796048454
100089,5,0.005164087025801922,0.0062470610103496005,0.21939318005166225,0.32300958709983874,,-0.06997957893114323,-2.085965514085949e-05,0.21939318005166225,-0.8075239677495969,-0.256627713204718,-0.2752606287066511
100094,1,0.010403431016015444,1.3445167144676495,0.08150481715182845,0.18819214906308226,0.04619741678198255,-0.20376204287957111,0.00016169623169588475,-0.0385816068458692,-0.47048037265770565,-0.12921156107709575,0.0074916726905389615
100094,2,0.04610231086017378,1.353161773196597,0.08407786035725329,0.6800305378597602,0.18937269010334457,-0.21019465089313322,-0.0005273328935728399,0.026019195134807927,-1.7000763446494005,0.1482694838674661,0.2610824274486615
100094,3,0.18995388370072824,8.812143174396011,0.23195050242774742,0.7271541026609065,0.36019027353935257,-0.3411918606223603,0.0295014838580614,-0.23195050242774742,0.11302806822326927,0.8725849231930878,-0.17047303766659438
100094,4,0.2638877327344849,4.70709606906684,0.27101723684165174,0.9720990052724771,0.26688942211584465,-0.2615996733332072,0.0822818205770964,-0.27101723684165174,-1.1875069498135438,-1.1665188063269725,0.5066739117379713
100094,5,0.2633216672196741,0.26887558357270647,0.07464790423853798,0.9830158890105763,,-0.18661976059634497,4.173354116873622e-09,-0.0017471692025981026,2.0326874925834506,0.3869948858210144,-0.9830158890105763
100099,1,4.775591712528637e-08,6.424575927309313,0.08832937578498498,0.5366621087714959,0.12301711886406197,-0.22082343946246247,-4.784802504915431e-09,2.2680655001113675e-08,0.3732926677698989,-0.643994530525795,-0.1801436179598077
100099,2,0.06927045072500712,2.890469651350705,0.18020951928551873,0.41337286205116425,0.09510087161164997,-0.14959890204594758,8.29042600494187e-09,-0.18020951928551873,-1.0334321551279106,0.358937642619753,0.368323174881936
100099,3,0.09573292112722064,8.121381040341408,0.07971555276704442,0.7075825985505642,0.1313914380446507,-0.19928888191761107,-1.5537145503910467e-08,-0.029288884143236524,-1.7689564963764104,-0.4817546953569391,-0.10909830558302705
100099,4,0.1308419480153083,8.518640296683689,0.08197736227962352,0.9126195426352272,0.15739782496843202,-0.20494340569905878,0.016907751775585414,-0.007493849684051698,2.281548856588068,-0.07669464405057315,-0.07431173328864686
100099,5,0.1576844508981071,0.15832880254586482,0.03573406775200315,0.7169862784613176,,0.08011971192979893,4.204314442323615e-07,0.03573406775200315,-0.548869157863713,0.860383534153581,-0.15353349524114634
100101,1,0.05704156875797648,9.38644390416448,0.13500422493914166,0.8062059287209177,0.1167613734385793,-0.33751056234785415,-0.007784158866859369,-0.006990470098818813,-2.0155148218022942,-0.916171444352055,0.09116339060877351
100101,2,0.11385760221759345,8.364975737983526,0.12945627367584928,0.735850632189529,0.11384374990103627,-0.1125531693000993,-0.017423534977632778,-0.12945627367584928,0.9475445785749913,0.05507274599152741,-0.735850632189529
100101,3,0.1140107265227363,11.155154216943167,0.07492146461123701,0.5105870562326228,0.12524069171368457,0.12187138014500465,-0.017403375302987467,0.07492146461123701,0.12911009345089017,-0.3077544233457216,0.5105870562326228
100101,4,0.12529205516276606,3.27913498362338,0.15089475313037817,0.8506805494316643,0.16268770877342908,-0.051468196398703814,-0.017403371271434844,-0.15089475313037817,0.2407537966587765,0.7929555687012169,-0.8506805494316643
100101,5,0.15879669762668097,0.15956995118539358,0.150861831696592,0.8492795628022923,,-0.37715457924148,-0.017403375708570076,0.0132526211538633,-0.06224178409465707,0.29848168309408724,0.8492795628022923
100110,1,0.1062157454200851,3.898402859326499,0.2738188389854807,0.6288998982503355,0.11402254099729749,0.26445434426672176,-0.01740337523198544,-0.2738188389854807,0.3511521459955864,0.3836193675163263,-0.6288998982503355
100110,2,0.11703561523865669,6.655706305997657,0.10382421169634515,0.3125980275589688,0.201092531454309,-0.037640735899496236,-0.0167908403037087,-0.10382421169634515,-0.6908891346957186,0.24484807301601721,0.3125980275589688
100110,3,0.11785845995125126,2.858677457480688,0.05368681200869574,0.5404847066539041,0.11466037056081452,-0.01224379287563554,-0.017970732241272103,0.05368681200869574,1.3512117666347603,-0.41306003603487096,0.30104112915658504
100110,4,0.11444851044419693,3.658003779921203,0.03603199517155055,0.546809555675011,0.114564647962255,-0.018927165175115553,-0.017448553066295166,-0.03603199517155055,-0.7648923676419677,-0.6561714668100131,0.21229229648810807
100110,5,0.11929872236148499,0.11617332259275745,0.06346472348277654,0.6078375892280007,,-0.15866180870694135,-0.03526050847726401,0.061975397459601345,-0.19634900019787765,0.33632958259812784,-0.6078375892280007
100122,1,0.009171049791326501,3.2283045037471076,0.017865237564118706,0.4765251396486662,0.008007087272744764,0.0178828244875759,-0.008485628011152064,-0.017865237564118706,1.1913128491216656,0.2754408914439966,-0.03893515564283321
100122,2,0.008175692966716237,8.540928283815278,0.0709445832289825,0.4584939375404505,0.04585986174780346,-0.02815954979558159,-0.008528303718666632,-0.0709445832289825,-0.06935907152259142,0.5501927250485406,0.0160404064035019
100122,3,0.048421420067497396,3.228460307419409,0.023585838610159948,0.45888669454219305,0.07806394317526039,-0.005624565208165178,-0.00844854480924857,0.023585838610159948,-0.31406100820900157,-0.5506640334506316,0.14737093219684086
100122,4,0.07790021709367961,2.112018596721604,0.2954788747608492,0.3797252292244755,0.15428703862140514,-0.1299798418012784,-0.008522619118425412,-0.2954788747608492,0.39659259094890764,-0.4556702750693706,-0.1487553919668705
100122,5,0.07879303000338767,0.07764392633866904,0.006981201280279792,0.5394283072918626,,-0.0022440699510731243,-0.00837744153633575,0.002224541416564474,-1.3485707682296566,0.13822741419090903,-0.34842673110691
100125,1,0.04391703256679243,3.0712576190277625,0.07473941905937231,0.9662524752443462,0.1615152014787696,-0.056689551836870966,-0.043529322820761385,-0.07473941905937231,-2.4156311881108654,-0.22911456159616694,0.562684904318032
100125,2,0.04420350966314647,1.2408313121699142,0.02147145386108351,0.3595527876601049,0.04972823845532903,0.0022573489628258114,-0.02141554305680633,-0.02147145386108351,0.848902884491104,0.13918695800489864,-0.3595527876601049
100125,3,0.043568281203642825,1.8063332505794545,0.21489742210839813,0.8500347937547661,0.05809508408837278,0.00942194121504758,-0.008550423508519644,0.21489742210839813,2.125086984386915,-0.14650168088580295,-0.07574523161917801
100125,4,0.060313366643742906,4.785987288897199,0.019371300395901514,0.3396680503756157,0.05845351116377921,-0.048428250989753785,-0.008270607935770613,-0.01735335648478431,-0.8491701259390393,-0.33145115660260127,0.09400477249674696
100125,5,0.06417100561628017,0.057372644216314723,0.07694405367772394,0.39792013148583694,,-0.004829544265039787,-0.008136583793753616,0.07694405367772394,0.2009062327522959,0.4775041577830043,-0.110921331025202
100135,1,0.05330154041332477,11.25414539415424,0.018068775857300334,0.9173887899911926,0.05799003052191813,0.02159675217194642,-0.004695956181911254,-0.018068775857300334,-1.5674155626104178,1.100866547989431,-0.34397509352124844
100135,2,0.06309278461658374,4.104399495445937,0.12309542961815467,0.6887800244113207,0.058448840119207195,-0.025102029846790774,-0.015216330308057868,-0.12309542961815467,-0.8041718554073028,-0.8265360292935848,-0.5946362803921857
100135,3,0.058368404550408516,5.656794266999518,0.05911483335128807,0.6820068361251935,0.07377531975943467,-0.034196801394151786,-0.01469788552336067,0.05911483335128807,0.6977645614581819,-0.8184082033502322,0.026472514447200213
100135,4,0.07926873409043811,8.613290942698297,0.03788505244324436,0.39748162689428335,0.17808950204847648,-0.08527757347562281,-0.014821290362324423,-0.03788505244324436,-0.4831358715168138,-0.31113523407781973,0.39748162689428335
100135,5,0.13523765375963198,0.13525509205346778,0.2185323682392575,0.8164463942886779,,0.009896942665574927,-0.015092907440558315,-0.2185323682392575,2.041115985721695,0.7905910300682307,0.20663310215373532
100141,1,0.013355591153415742,4.826383860472428,0.03433547160417749,0.5283733252133396,0.08396379622537187,-0.026453671859326122,-0.009281564957880527,0.03433547160417749,1.320933313033349,-0.4602787961943165,-0.46849466063150946
100141,2,0.027774988860148724,4.723594581690874,0.059775666072000355,0.9549469233546423,0.05072547926636144,0.1269411200938203,-0.009072781469654867,0.059775666072000355,-2.2939209513303047,0.8918589296060708,0.9549469233546423
100141,3,0.05072629408825079,1.145795202778128,0.1911068468956184,0.34675922245128943,0.17224534156409765,-0.09766861431462771,0.02390196122604901,-0.1911068468956184,0.8668980561282236,-0.31439074495029123,-0.3095531939285374
100141,4,0.07640553203585729,2.025886110787593,0.10137942065171718,0.5854722251027994,0.09567513933988812,-0.013614500633860119,-0.009381673493042978,-0.10137942065171718,-1.4636805627569984,-0.0032852123877638137,-0.13229183578012169
100141,5,0.0969119609289933,0.09569426405260403,0.1313062626904054,0.4921501736165251,,-0.3282656567260135,-0.0093803038622562,0.03981560345350458,1.2303754340413127,-0.12717681526503108,-0.2365773009437443
100148,1,0.05350213972626477,5.891443229044937,0.05952627313616898,0.6867503157519836,0.23718180358002242,-0.14881568284042246,-0.009377319468211498,0.025840524449779023,0.047605618367315694,-0.6104557889436615,0.6867503157519836
100148,2,0.12988524996100312,7.413749425230826,0.08323745074529798,0.15619187700797202,0.20565292067023203,0.20809362686324495,-0.009008238464887297,-0.07416491721942908,-0.21568726071260824,-0.16128291639072306,-0.15619187700797202
100148,3,0.20573306618414294,10.030827275916645,0.14347938647584788,0.4797306024975884,0.27293820557018433,-0.07311208380534921,-0.009756195044825782,-0.14347938647584788,1.199326506243971,-0.2580772274410119,-0.04335728732309599
100148,4,0.2728619739730592,6.414341890111996,0.3319996614649508,0.7683996116384084,0.28692749156157077,-0.1616746743265182,-0.009382243620344073,-0.3319996614649508,0.7100591203762504,0.39820698338787897,-0.7683996116384084
100148,5,0.28457145339663953,0.2838429040232253,0.026848315832545818,0.7858164626240811,,-0.05200360070062054,-0.009381000662355202,-0.026848315832545818,-1.9645411565602027,0.5847025161241884,-0.33808098138475245
100153,1,0.015378664931884556,1.1896469838577257,0.17307085258594856,0.8709638323264874,0.028660488576092442,-0.029045696579571567,-0.014309445833283174,-0.17307085258594856,0.5199680708437919,-0.1189980442917451,-0.8709638323264874
100153,2,0.028687722322086454,4.698331582700337,0.42504946097684004,0.5168408481179922,0.09826331388955194,-0.0306705663752337,-0.00010289271875864726,-0.42504946097684004,-1.2921021202949807,0.5607982068359645,-0.02755581442680568
100153,3,0.0985230605500823,2.5322982943325987,0.43412028279792214,0.9760800940122671,0.25418137658836404,0.4191953047101587,0.004792197949833386,-0.43412028279792214,1.5413469767242556,-0.1990331509063337,-0.9760800940122671
100153,4,0.1294324750597119,5.710549822953535,0.11029785989519454,0.8593380313421553,0.1690315963583017,-0.07738715723817252,-0.00172477665779239,-0.11029785989519454,-0.08507984839204893,0.33053327922496856,0.8593380313421553
100153,5,0.16934445332867526,0.16916030905147625,0.42961137486324713,0.4872038491367211,,-0.07069598170906516,2.188802702155082e-06,-0.42961137486324713,-0.47989240965365265,-0.5846446189640653,-0.46624087840041883
100155,1,0.06321878403021382,11.033443441246517,0.19227860075224787,0.956799913656598,0.08852864202651707,-0.23286752851279233,0.014656398594579864,-0.19227860075224787,-0.0009572681715073458,1.1481598963879176,-0.2630687261775554
100155,2,0.09220234209467457,1.788438090181665,0.29692431048732604,0.8763619506554625,0.10227729892023274,-0.1258188579290065,-0.005239095852376252,-0.29692431048732604,-1.8543574264315712,-1.051634340786555,-0.21355850435639573
100155,3,0.10648969980766973,9.127289689344426,0.12779456666474998,0.7118208933027501,0.11406672747453252,-0.03862438482431452,0.0003115971681112661,-0.12779456666474998,1.6122890726480092,0.8541850719633001,0.40426794034016783
100155,4,0.1140725349770628,7.329184870489973,0.25783258899791844,0.428686071471569,0.15889376911367734,-0.02872547672474496,-0.00033344650872444033,-0.25783258899791844,1.0717151786789225,-0.2250834954956348,-0.37111806575504747
100155,5,0.15996786860626322,0.16083009333492745,0.11635331603915278,0.6374300661233601,,-0.03908560013360596,8.75563743286456e-05,-0.11635331603915278,-1.282235446632229,-0.7162661802233165,-0.6374300661233601
100171,1,0.02001715804932741,8.014606589924707,0.2451022118588516,0.6793100887127324,0.0625437464970706,0.02116122293295899,6.481908094736487e-07,-0.2451022118588516,0.4435217867686471,-0.8151721064552788,-0.35491487101973823
100171,2,0.06345044329832705,4.596443434004318,0.25403280179509125,0.8612090494365898,0.09519681231362524,-0.07422278558314149,0.011389641993374066,-0.25403280179509125,-2.1530226235914744,0.41708048482591115,0.47374977730286594
100171,3,0.0987272699522403,0.5396386310528695,0.25400485347502144,0.48838739401611975,0.11351684492098048,-0.11033121962852242,-1.8545378820957597e-05,-0.25400485347502144,0.8113326676114693,0.4119125188900136,-0.48838739401611975
100171,4,0.11515351921625329,3.3530047039015027,0.29818186355793697,0.5687749524402633,0.16077063857405058,-0.039342900968166554,-0.0003187221492604103,-0.29818186355793697,-0.5223293835487005,0.2876900626189514,-0.5687749524402633
100171,5,0.16095258814184804,0.1633578951895741,0.35205288300081045,0.4673551310151535,,-0.03766344679960766,-1.6745588595459899e-09,-0.35205288300081045,1.1683878275378838,-0.29041725595558215,-0.32721077018414374
100173,1,0.040385621524622425,1.3690980522147447,0.3788120921632636,0.4039231327071839,0.0734257451758864,-0.43614690514745924,0.00011632654087083693,-0.3788120921632636,1.0098078317679597,0.028967350492341986,0.1384321645288508
100173,2,0.08075014356566998,8.190748365680554,0.11394029517009185,0.724485971322499,0.11033022769841111,-0.06751019623883442,5.45884183144274e-05,-0.11394029517009185,-1.8112149283062475,-0.8602200275228139,0.1474387809910426
100173,3,0.10913984390748777,8.539836301264248,0.11036469316026798,0.2584328141019622,0.12461794001938867,-0.09131714383504436,0.06470350999979875,-0.11036469316026798,0.10642978377866605,0.023895118900999716,-0.2584328141019622
100173,4,0.12463641347557204,3.553037628421296,0.2957391574230266,0.5751202718901793,0.17051504149313979,-0.039030613851684194,0.004240041972707028,-0.2957391574230266,-1.40555079267237,0.5764981550455783,-0.5751202718901793
100173,5,0.16224869215639265,0.16945714609637808,0.3574291067481783,0.5879504631209778,,-0.10299383271752462,3.489964143352646e-08,-0.3574291067481783,1.3532610974465835,0.30077681846584126,-0.5879504631209778
100180,1,0.0256119225826368,4.30385652124866,0.45811696328894824,0.5247010789541622,0.07481315146107238,-0.0526248329801132,-0.02131775803740649,-0.45811696328894824,0.8993025655323242,0.38968604398200946,-0.5247010789541622
100180,2,0.0767306730238649,5.736794046856403,0.17224146451057432,0.5388891132851994,0.15016660378684765,-0.06486321312335425,7.270879493415094e-06,-0.17224146451057432,0.8806427737316369,0.11161116792423469,-0.5388891132851994
100180,3,0.09091221008799133,1.7829264820584338,0.3293361544393345,0.9703956789533403,0.3190832993466259,0.1769666285521332,0.0001533871010518162,-0.3293361544393345,-2.425989197383351,-0.3821242674899754,-0.657887175631741
100180,4,0.1007763168828305,3.1492617644994345,0.5028489242622667,0.6077684814593599,0.13021902501659718,0.4974588852364699,-0.0001516311136555164,-0.5028489242622667,-0.35749094380908547,0.1141681132417184,0.6077684814593599
100180,5,0.13098697514416768,0.1332154506001436,0.2830989336839715,0.5747563799622881,,-0.1168541543074066,-9.024726066024971e-06,-0.2830989336839715,1.4368909499057203,-0.25465777118798966,-0.5601673727903345
100183,1,0.05851245933065184,7.271945959138184,0.45210737195042733,0.584991156249766,0.08066936419077034,-0.11239608347763279,-6.688341390713555e-07,-0.45210737195042733,1.282826345625433,0.7019893874997192,-0.23278029824737878
100183,2,0.08238637455625626,11.037402631230925,0.2556590690849011,0.9948145961795806,0.19152734146809414,-0.04124960371089309,0.00012554102231643327,-0.2556590690849011,-2.4870364904489515,0.3970473261577127,-0.563822183521544
100183,3,0.10519541397361341,6.433845649077426,0.18347929514087813,0.35516703076557266,0.12047010650932377,-0.4586982378521953,0.028544540990532656,0.07535888427786329,0.15855512909508712,-0.4262004369186872,0.34837128606546186
100183,4,0.12728234364750088,3.5637023982063205,0.11754802220420868,0.47696774202837117,0.18718507644108412,-0.061359600383334434,-0.012902025699030562,-0.11754802220420868,-1.1924193550709279,-0.36190938233932674,-0.006586250784367541
100183,5,0.1870711969689336,0.18710570574881627,0.38376916090675317,0.7418128658278602,,-0.1235497604184985,3.991463105857209e-05,-0.38376916090675317,1.4455954580837826,-0.2951442700562421,-0.7418128658278602
100186,1,0.05056122808161322,1.4069651313397906,0.20219503068160438,0.5906806026048589,0.07586470063484438,-0.13028962640447644,-0.013264617797651734,-0.20219503068160438,1.4767015065121472,0.0022135272466964045,0.2765079167890472
100186,2,0.07605176121581947,6.0816741956805105,0.31346947269454306,0.5183643863023323,0.12937404631715366,-0.11013977408812375,6.060269743755502e-05,-0.31346947269454306,0.33579735750332773,-0.5598272931330316,-0.5183643863023323
100186,3,0.12864294683061614,2.029190088191713,0.02579898438612144,0.632210073510777,0.19815343314348377,-0.037944142116682636,-1.8594039769415916e-10,-0.02579898438612144,-1.5805251837769425,0.3487306655108034,-0.4298301249502746
100186,4,0.19829148567953034,11.969117449835995,0.5015473838815823,0.7928384117053758,0.21085931587036985,-0.23732319917789424,0.052989411908167104,-0.5015473838815823,-1.3951531078438402,-0.9514060940464509,-0.6015659738280625
100186,5,0.21035237365042073,0.2103522240768421,0.24578982355086512,1.0,,-0.023204638102139963,-3.308257989455323e-09,-0.24578982355086512,0.6242556396790232,1.2,-0.015211584199072467
100187,1,0.016183541546511006,1.3458340704983465,0.19365399895412796,0.595268318139433,0.03179033527653525,-0.10527627328813227,-2.5923156401397623e-06,-0.19365399895412796,1.4881707953485825,0.025439993405669718,0.04258305534012339
100187,2,0.03193747460211303,7.193927606414364,0.21090493475449332,0.6338059229695324,0.06448001038119804,-0.29818041243714954,-0.010178309190141045,-0.21090493475449332,-1.3055992209757008,-0.7605671075634389,-0.3711111905562435
100187,3,0.06644907370597723,7.849049156378301,0.28382741527358757,0.7557767938424234,0.10936628478146623,-0.2874757073193279,-0.00016856038999004674,-0.28382741527358757,-1.8894419846060584,-0.046457202335979435,-0.33544069122310666
100187,4,0.10934557280404016,4.078986098869583,0.4099997419551408,0.8764878241729244,0.14117933351015108,-0.06245723682861235,-0.006150052908926504,-0.4099997419551408,0.5829022171525837,0.3656509246435913,-0.8764878241729244
100187,5,0.14173067731219596,0.14989862883447863,0.24869077819044724,0.32399380857558624,,-0.0680820637113915,-0.01015831277141197,-0.24869077819044724,0.3268877505441553,0.38879257029070347,0.11461951875166054
100200,1,0.10718088788641288,5.526181375381615,0.6022588634858228,0.4898957309829327,0.1675772588782087,0.24807185639465656,0.04280763763139736,-0.6022588634858228,-0.5745082715484308,0.5878748771795193,-0.0572459581468011
100200,2,0.16739563818902226,4.19276965868461,0.3657006891968337,0.9062605475968702,0.23033405266850557,-0.5771945041753613,-3.2661255901167253e-09,-0.3657006891968337,0.7281125784198753,-0.9601745656003895,-0.9062605475968702
100200,3,0.2310891382931907,1.7490887070493777,0.12417290102023931,0.4197211530143346,0.24271694611018266,-0.05369040456769488,4.289456068148782e-09,-0.12417290102023931,0.9326954385840546,0.5036653836172015,-0.10854416340093534
100200,4,0.24315254866791586,1.4147841700695625,0.31682751785087837,0.0565054631794595,0.26469773768410904,-0.04872926148709378,-1.0441371092673179e-05,-0.31682751785087837,-0.036369003797894824,-0.061291656717373064,0.0565054631794595
100200,5,0.25933851216036513,0.2624446255743738,0.27879230121510157,0.6712445026265605,,-0.078997463480651,1.0346752614865156e-05,-0.27879230121510157,-1.5558119700141926,-0.027604238953444413,-0.6712445026265605
100201,1,0.07160905532595381,9.097303428123443,0.07697810895474355,0.7242972507415555,0.21289593442406046,-0.09743869583839594,-0.04392496175492417,-0.07697810895474355,-0.751981729474584,0.8691567008898665,-0.6686919935375896
100201,2,0.1498472779403948,2.225772104664248,0.31663729571635946,0.6024164907713659,0.19915621623636587,0.7915932392908986,-9.536051125813572e-05,-0.30486635683229035,0.6972690858768597,-0.7228997889256391,0.028655941108377502
100201,3,0.19411263678969737,3.2139703149279417,0.038248766321191646,0.7928660561945993,0.19344718204498207,-0.005137323046981911,-0.015271175708805484,0.038248766321191646,1.5427709430058512,-0.5060709820638182,0.7928660561945993
100201,4,0.19421227565428492,6.906854758908474,0.06686295374482365,0.8408899609038312,0.22161165545942557,0.16715738436205912,5.238682758160871e-09,0.0062143821062543595,-0.3307236593453647,1.0090679530845974,0.26450224909716635
100201,5,0.2153186490269523,0.21581364872189174,0.2742128415902893,0.9587060318664196,,-0.10013019470264203,-1.131006296694272e-09,-0.2742128415902893,-0.4053317798036822,-0.708630496650542,-0.9587060318664196
100220,1,0.09000781799019249,4.176034912313098,0.056985091234621615,0.6386213587444503,0.10863639834834438,-0.08201448069481665,0.04880407494543837,0.056985091234621615,1.5965533968611256,0.41282112465283133,-0.13006968265260543
100220,2,0.09534149229083738,10.688269571401058,0.2658045725400238,0.7057547574829884,0.187877779814924,-0.02526282844253654,-0.003788250967006294,-0.2658045725400238,-1.7643868937074711,0.7305809179562911,-0.6717221454086916
100220,3,0.1794404983238686,7.907970696197071,0.05507985094411441,0.5247628017802108,0.33019668981058337,0.009278547154619633,-0.0094484960976904,0.05507985094411441,-1.3119070044505272,-0.3488313729514118,-0.06417362763003702
100220,4,0.330123919129594,7.879777787001955,0.0617070595621328,0.5245607960102309,0.3430409902217946,0.003268889313989113,8.898524992427307e-06,-0.0617070595621328,0.813256383344905,0.03513923189921161,0.5245607960102309
100220,5,0.3372244898574072,0.3377149428259101,0.13673135171760464,0.6710699719662627,,0.3418283792940116,-0.011160895999699662,-0.09260487141230779,0.9113717698600207,-0.8052839663595153,0.07131647320874021
100238,1,0.04280020870465296,7.895116962760644,0.08019109524776533,0.6790490167134777,0.08216458791622551,-0.09763468966163041,-9.686492533903481e-10,-0.08019109524776533,0.006826568453065015,0.8148588200561733,-0.3718280167096506
100238,2,0.08288060868029103,0.9091830752973735,0.06864415223236153,0.6012892158315389,0.19202130860514843,0.015593997479390054,-6.231102064191418e-06,-0.06864415223236153,-0.045825720713181785,-0.7215470589978467,0.2511407785148093
100238,3,0.1950138423480519,4.5393635855523256,0.050399474426142565,0.5804063221451254,0.24792206249258067,0.016472615401609825,-2.6127496996064534e-05,-0.050399474426142565,0.5091981591554323,0.3560315976152837,0.5804063221451254
100238,4,0.2219279068428296,11.476076303224927,0.29881267962527003,0.90117886033357,0.2529008322231275,-0.10952014489661432,0.00017880952221043244,-0.29881267962527003,-0.32620757427096414,0.7335600589947654,-0.90117886033357
100238,5,0.2293569753124517,0.2292009416289234,0.05055440333725933,0.9856639714269182,,-0.11479786212511653,-0.00014645144304539727,-0.05055440333725933,-0.4318229221418981,-1.1827967657123017,-0.14275567859125934
100261,1,0.09355724571023696,5.6628001964020855,0.18265551746298878,0.7234713298893397,0.20911515252275992,-0.24719331044737905,-0.013635850875148429,-0.18265551746298878,1.8086783247233493,0.48516313757672447,0.05171997106101537
100261,2,0.2089009879910836,5.75477116528833,0.1399104268154886,0.9109550078433125,0.21267871855844112,-0.18121159191995673,-0.015562308419705064,-0.1399104268154886,-2.2773875196082813,0.07833996507390817,-0.460139111623438
100261,3,0.21307117483267252,4.156946657307017,0.16681087464840488,0.8590596412376166,0.21908324516359312,-0.4170271866210122,-0.015563806694328927,-0.1249737336167286,-0.3853975961066352,-1.0308715694851398,-0.21003398371820095
100261,4,0.2185671741562757,1.6102338468146165,0.11431517259346524,0.2628245042942593,0.26492127313695163,-0.2857879314836631,0.002601174444498433,0.014127688327586041,-0.600629296614453,0.28082783938839456,0.2628245042942593
100261,5,0.24510215414912473,0.24530789095729322,0.361018722986688,0.33356393150019525,,-0.07140515244519169,-0.015550111730525451,-0.361018722986688,0.22477631722407465,0.12884683919891993,-0.33356393150019525
