strategy,scenario_type,severity_level,disturbance_flag,evaluated_cases,mean_quality_score,median_quality_score,std_quality_score,worst_case_quality_score,pass_rate_percent
batch_adaptive_setting,bend_dominant,high,normal,50,1.097760896085085,1.0459803738786315,0.5291335674129815,2.272859470796141,66.0
batch_adaptive_setting,bend_dominant,low,normal,50,0.49563753045877446,0.47029308888507615,0.22952587600150878,0.9918861317713314,100.0
batch_adaptive_setting,bend_dominant,medium,normal,50,0.8797154373480832,0.8300848894872404,0.3614208425306467,1.630816631064698,84.0
batch_adaptive_setting,disturbed_batch,high,disturbed,50,7.4821519395677605,6.86527883810744,4.857277668754077,18.567438976381542,6.0
batch_adaptive_setting,fixture_drift,high,normal,50,1.4691282312996239,1.2354355749192827,0.9562388458176447,3.9307491813603614,48.0
batch_adaptive_setting,fixture_drift,low,normal,50,0.9062338361442517,0.9501033847952263,0.408755442381301,1.596917767477247,62.0
batch_adaptive_setting,fixture_drift,medium,normal,50,1.3993363662468976,1.4512095791076578,0.7249127828315988,2.6193013313376037,42.0
batch_adaptive_setting,mixed,high,normal,50,3.1103840790713293,2.464415716828241,2.125832929108538,10.029767167459305,20.0
batch_adaptive_setting,mixed,low,normal,50,1.8484499030254127,1.8821387285703257,1.1148978531377973,5.389973584450169,32.0
batch_adaptive_setting,mixed,medium,normal,50,2.8131343182159982,2.7504352695995022,1.8322789662772336,7.841046383151056,24.0
batch_adaptive_setting,offset_dominant,high,normal,50,1.2571990933397448,1.203914762500206,0.6503850082823778,2.762227364390315,50.0
batch_adaptive_setting,offset_dominant,low,normal,50,0.5590221015214277,0.553368145186601,0.2679200976043429,1.037042510914969,100.0
batch_adaptive_setting,offset_dominant,medium,normal,50,0.8714146192738735,0.9050166272129947,0.42485052559585806,2.22554329408945,82.0
batch_adaptive_setting,tilt_dominant,high,normal,50,4.3048676922112445,3.0045100824427333,3.524777442895837,12.730553874099185,26.0
batch_adaptive_setting,tilt_dominant,low,normal,50,2.076057427148393,1.8159702546614314,1.1786363505334259,4.146663039421165,20.0
batch_adaptive_setting,tilt_dominant,medium,normal,50,3.622927814970521,3.4828722741336464,2.2511520273322163,8.349700528899925,14.000000000000002
batch_adaptive_setting,twist_dominant,high,normal,50,1.2641707940028704,1.2652488164516944,0.6862553993926197,2.4867354200783427,48.0
batch_adaptive_setting,twist_dominant,low,normal,50,0.6015722338950303,0.564190932942428,0.2849318844754155,1.1370994785397026,100.0
batch_adaptive_setting,twist_dominant,medium,normal,50,0.9374539765794553,0.928325528729706,0.4425159675194217,1.7939012775578123,68.0
batch_adaptive_setting,waviness_dominant,high,normal,50,1.1298514288345458,1.1571651669751029,0.5260250297621811,2.074336184168555,60.0
batch_adaptive_setting,waviness_dominant,low,normal,50,0.5726897618432265,0.5666128833444612,0.20247337328679105,0.9759094176931695,100.0
batch_adaptive_setting,waviness_dominant,medium,normal,50,0.8183826502720817,0.7699176355118533,0.33435994985850187,1.5725009466499729,88.0
global_best_fixed_setting,bend_dominant,high,normal,50,1.1023573630079557,1.0387611744473935,0.5183076278745425,2.2351793210094337,66.0
global_best_fixed_setting,bend_dominant,low,normal,50,0.49792505079920896,0.4935474853458841,0.22733750540032524,0.9918861317713314,100.0
global_best_fixed_setting,bend_dominant,medium,normal,50,0.8800099824430447,0.8300848894872404,0.36054459397838284,1.630816631064698,84.0
global_best_fixed_setting,disturbed_batch,high,disturbed,50,8.525558875838623,8.428929369160066,2.257502619875817,12.10692813448696,0.0
global_best_fixed_setting,fixture_drift,high,normal,50,1.4970382633635217,1.3187953248089765,0.8480116407306583,3.368877788112577,42.0
global_best_fixed_setting,fixture_drift,low,normal,50,0.9062338361442517,0.9501033847952263,0.408755442381301,1.596917767477247,62.0
global_best_fixed_setting,fixture_drift,medium,normal,50,1.4007432641605695,1.4438573761821076,0.7212947634502714,2.6193013313376037,42.0
global_best_fixed_setting,mixed,high,normal,50,3.352963172066112,2.9659732929508156,1.9442495090137744,7.347287462742124,14.000000000000002
global_best_fixed_setting,mixed,low,normal,50,1.8938937671680818,1.9945487170341476,0.955874612593689,3.4183716039501753,24.0
global_best_fixed_setting,mixed,medium,normal,50,2.959985338551006,3.0238772303110424,1.5479418448883697,5.497458309883871,20.0
global_best_fixed_setting,offset_dominant,high,normal,50,1.3159582806737005,1.3979239124493126,0.5556631904573538,2.4999528113252607,34.0
global_best_fixed_setting,offset_dominant,low,normal,50,0.57184012510845,0.553368145186601,0.2814827600123917,1.037042510914969,100.0
global_best_fixed_setting,offset_dominant,medium,normal,50,0.914870282125246,0.8718866138415995,0.37467085390472077,1.878356705049658,78.0
global_best_fixed_setting,tilt_dominant,high,normal,50,5.150942058900326,5.565324200063723,2.7249888138956573,9.766842158868187,6.0
global_best_fixed_setting,tilt_dominant,low,normal,50,2.076057427148393,1.8159702546614314,1.1786363505334259,4.146663039421165,20.0
global_best_fixed_setting,tilt_dominant,medium,normal,50,3.835090894837906,4.136666600974457,1.9655895116674147,7.0997078184837115,14.000000000000002
global_best_fixed_setting,twist_dominant,high,normal,50,1.2648745397326195,1.2794869643461806,0.6900497408769719,2.4867354200783427,48.0
global_best_fixed_setting,twist_dominant,low,normal,50,0.6015722338950303,0.564190932942428,0.2849318844754155,1.1370994785397026,100.0
global_best_fixed_setting,twist_dominant,medium,normal,50,0.9384856452163197,0.928325528729706,0.43890136846295214,1.7939012775578123,68.0
global_best_fixed_setting,waviness_dominant,high,normal,50,1.1298514288345458,1.1571651669751029,0.5260250297621811,2.074336184168555,60.0
global_best_fixed_setting,waviness_dominant,low,normal,50,0.5726897618432265,0.5666128833444612,0.20247337328679105,0.9759094176931695,100.0
global_best_fixed_setting,waviness_dominant,medium,normal,50,0.8184159424539591,0.7641554319399001,0.33406233209924274,1.5768415402718057,88.0
individual_adaptive_setting,bend_dominant,high,normal,50,0.7513487623058629,0.817441456882101,0.29527740415538956,1.236627400266251,96.0
individual_adaptive_setting,bend_dominant,low,normal,50,0.43963412382825146,0.39726479746177834,0.23660934779252002,0.8836225234410299,100.0
individual_adaptive_setting,bend_dominant,medium,normal,50,0.7219716060873133,0.6801735130200912,0.29618110266709163,1.256231663239999,96.0
individual_adaptive_setting,disturbed_batch,high,disturbed,50,0.8602657241933365,0.8400611077240752,0.29735394469311155,1.3593405137257253,94.0
individual_adaptive_setting,fixture_drift,high,normal,50,0.6589462848430229,0.6644001116723883,0.3427123184992347,1.1746443786426568,92.0
individual_adaptive_setting,fixture_drift,low,normal,50,0.7976095431467829,0.8647475648774555,0.31975681564784875,1.2105261793656856,82.0
individual_adaptive_setting,fixture_drift,medium,normal,50,0.5973813717453701,0.5365086537816306,0.30263034000989,1.1714232777285303,96.0
individual_adaptive_setting,mixed,high,normal,50,0.7067390775542961,0.7241353581100789,0.32264578249650266,1.2390589836007102,96.0
individual_adaptive_setting,mixed,low,normal,50,0.5481090074623538,0.491589206400658,0.29749674146921545,1.1616253628188753,98.0
individual_adaptive_setting,mixed,medium,normal,50,0.6507765366258171,0.5921258999268406,0.3014709478827583,1.2133550228457366,92.0
individual_adaptive_setting,offset_dominant,high,normal,50,0.6736941403305188,0.6479135998017591,0.306533482193706,1.1773130205288724,96.0
individual_adaptive_setting,offset_dominant,low,normal,50,0.40536225972407613,0.40957055832906086,0.19305564860644134,0.7036200928241261,100.0
individual_adaptive_setting,offset_dominant,medium,normal,50,0.5506730232708453,0.4366350585582143,0.3317403204166299,1.1287054495516888,100.0
individual_adaptive_setting,tilt_dominant,high,normal,50,0.6071739483847398,0.5707408218428174,0.32939969991785595,1.1848847238563682,98.0
individual_adaptive_setting,tilt_dominant,low,normal,50,0.6506243328317474,0.634597491180862,0.33186427933783713,1.1971198370171057,90.0
individual_adaptive_setting,tilt_dominant,medium,normal,50,0.6275289220161769,0.6777939110480937,0.3200438426653661,1.161840372886525,98.0
individual_adaptive_setting,twist_dominant,high,normal,50,0.6347065219526473,0.6736748936688817,0.328337492264661,1.1841734046479468,98.0
individual_adaptive_setting,twist_dominant,low,normal,50,0.5961570554217509,0.5638512373329572,0.28703299054850817,1.126985715418753,100.0
individual_adaptive_setting,twist_dominant,medium,normal,50,0.7691621259205544,0.8191199464872976,0.2869828850685412,1.1795756345426993,94.0
individual_adaptive_setting,waviness_dominant,high,normal,50,0.8374100186542401,0.8325146365418785,0.27951196290363844,1.2959972855738415,92.0
individual_adaptive_setting,waviness_dominant,low,normal,50,0.5673389793093244,0.5628140850008274,0.20317389290830043,0.9698322530502888,100.0
individual_adaptive_setting,waviness_dominant,medium,normal,50,0.7734762663400185,0.7588059038881755,0.29952205064640797,1.2931333782025034,92.0
nominal_universal_baseline,bend_dominant,high,normal,50,1.1023573630079557,1.0387611744473935,0.5183076278745425,2.2351793210094337,66.0
nominal_universal_baseline,bend_dominant,low,normal,50,0.49792505079920896,0.4935474853458841,0.22733750540032524,0.9918861317713314,100.0
nominal_universal_baseline,bend_dominant,medium,normal,50,0.8800099824430447,0.8300848894872404,0.36054459397838284,1.630816631064698,84.0
nominal_universal_baseline,disturbed_batch,high,disturbed,50,8.525558875838623,8.428929369160066,2.257502619875817,12.10692813448696,0.0
nominal_universal_baseline,fixture_drift,high,normal,50,1.4970382633635217,1.3187953248089765,0.8480116407306583,3.368877788112577,42.0
nominal_universal_baseline,fixture_drift,low,normal,50,0.9062338361442517,0.9501033847952263,0.408755442381301,1.596917767477247,62.0
nominal_universal_baseline,fixture_drift,medium,normal,50,1.4007432641605695,1.4438573761821076,0.7212947634502714,2.6193013313376037,42.0
nominal_universal_baseline,mixed,high,normal,50,3.352963172066112,2.9659732929508156,1.9442495090137744,7.347287462742124,14.000000000000002
nominal_universal_baseline,mixed,low,normal,50,1.8938937671680818,1.9945487170341476,0.955874612593689,3.4183716039501753,24.0
nominal_universal_baseline,mixed,medium,normal,50,2.959985338551006,3.0238772303110424,1.5479418448883697,5.497458309883871,20.0
nominal_universal_baseline,offset_dominant,high,normal,50,1.3159582806737005,1.3979239124493126,0.5556631904573538,2.4999528113252607,34.0
nominal_universal_baseline,offset_dominant,low,normal,50,0.57184012510845,0.553368145186601,0.2814827600123917,1.037042510914969,100.0
nominal_universal_baseline,offset_dominant,medium,normal,50,0.914870282125246,0.8718866138415995,0.37467085390472077,1.878356705049658,78.0
nominal_universal_baseline,tilt_dominant,high,normal,50,5.150942058900326,5.565324200063723,2.7249888138956573,9.766842158868187,6.0
nominal_universal_baseline,tilt_dominant,low,normal,50,2.076057427148393,1.8159702546614314,1.1786363505334259,4.146663039421165,20.0
nominal_universal_baseline,tilt_dominant,medium,normal,50,3.835090894837906,4.136666600974457,1.9655895116674147,7.0997078184837115,14.000000000000002
nominal_universal_baseline,twist_dominant,high,normal,50,1.2648745397326195,1.2794869643461806,0.6900497408769719,2.4867354200783427,48.0
nominal_universal_baseline,twist_dominant,low,normal,50,0.6015722338950303,0.564190932942428,0.2849318844754155,1.1370994785397026,100.0
nominal_universal_baseline,twist_dominant,medium,normal,50,0.9384856452163197,0.928325528729706,0.43890136846295214,1.7939012775578123,68.0
nominal_universal_baseline,waviness_dominant,high,normal,50,1.1298514288345458,1.1571651669751029,0.5260250297621811,2.074336184168555,60.0
nominal_universal_baseline,waviness_dominant,low,normal,50,0.5726897618432265,0.5666128833444612,0.20247337328679105,0.9759094176931695,100.0
nominal_universal_baseline,waviness_dominant,medium,normal,50,0.8184159424539591,0.7641554319399001,0.33406233209924274,1.5768415402718057,88.0
