sequence_length,assembly_index,zero_final_quality,lsq_final_quality,hybrid_final_quality,hybrid_minus_lsq,hybrid_beats_lsq
5,1,0.872397276597944,0.4852648865468656,0.41301773250655516,-0.07224715404031046,True
5,2,2.094164675389184,0.2851003298384685,0.264230132119511,-0.020870197718957484,True
5,3,1.4730968986785389,0.4896655821029571,0.4257302534249132,-0.06393532867804386,True
5,4,2.0803258435112966,0.05463167782264721,0.04851599930570763,-0.006115678516939581,True
5,5,0.777157933798494,0.1078257488530521,0.09827810096483611,-0.009547647888215993,True
5,6,0.9881902593673653,0.33134684798337444,0.29339960474839966,-0.03794724323497478,True
5,7,1.9310557223859728,0.5794796350867996,0.41954747453946395,-0.1599321605473356,True
5,8,3.186485107944068,0.3090285296620045,0.22656577940076172,-0.08246275026124278,True
5,9,0.9546580282411159,0.19820622127764392,0.18704936640734207,-0.011156854870301852,True
5,10,1.716910725320718,0.2513226672372483,0.23779582769918167,-0.013526839538066604,True
5,11,3.248123333405356,0.7431938303783328,0.6084512958842546,-0.13474253449407814,True
5,12,1.3826663438905056,0.24823897880018472,0.23447651215106188,-0.01376246664912284,True
5,13,0.7228596481622107,0.4520229140597001,0.34313928043179015,-0.10888363362790993,True
5,14,1.25010467785326,0.3903323480072445,0.3413026805287892,-0.049029667478455274,True
5,15,1.4849474445985358,0.1887186730624751,0.13092919248620558,-0.057789480576269536,True
5,16,1.2551962887024166,0.17207966457743937,0.1593714288219649,-0.012708235755474473,True
5,17,2.426900102573236,0.4375933002273187,0.3822864835236458,-0.05530681670367288,True
5,18,0.9252422092564601,0.5373118018284666,0.44998862017723784,-0.08732318165122877,True
5,19,0.8492781726223009,0.838759664880843,0.6761851613411274,-0.1625745035397156,True
5,20,1.4153561286769476,0.23457497179808715,0.1760974628851631,-0.05847750891292405,True
5,21,2.509191680183045,0.33979478518055267,0.2802249163747615,-0.05956986880579118,True
5,22,0.9098028954380623,0.1575411229066297,0.0818156687775381,-0.0757254541290916,True
5,23,0.6269411382387098,0.2610516044368644,0.1639284606324126,-0.09712314380445183,True
5,24,1.4698450520253272,0.24457816692534204,0.16593300132220395,-0.07864516560313808,True
5,25,0.6327069649176613,0.324698752153635,0.2813734391309033,-0.04332531302273168,True
5,26,1.042444798009588,0.12564530163081583,0.09447692753028958,-0.031168374100526253,True
5,27,2.404277797971235,0.2856474911617944,0.23469113798217314,-0.050956353179621244,True
5,28,0.8714421264342697,0.16592864596297704,0.16039931805390717,-0.0055293279090698755,True
5,29,0.5644030598940828,0.21794486143292438,0.1622117754420678,-0.05573308599085658,True
5,30,0.4828143535551348,0.2162190114261252,0.18922706122090013,-0.026991950205225074,True
5,31,1.1804987649128473,0.6754306531838217,0.559041687160624,-0.1163889660231977,True
5,32,0.4834548655518429,0.26571731216255134,0.2646196980577405,-0.0010976141048108512,True
5,33,2.079577846834867,0.25600667276032296,0.19317432021353337,-0.0628323525467896,True
5,34,0.5398917394016747,0.34460364788453457,0.31902049813310146,-0.02558314975143311,True
5,35,1.4131593111720773,0.16771286058994508,0.1358966236427889,-0.031816236947156185,True
5,36,2.320849131713043,0.08163911596281558,0.07440035859520917,-0.007238757367606402,True
5,37,0.9057754222568148,0.2178155299183413,0.1548148648210641,-0.0630006650972772,True
5,38,1.4950147892634265,0.7913453887362516,0.6355401758882333,-0.1558052128480183,True
5,39,0.9036638398877006,0.40021363742420446,0.3447845600332848,-0.05542907739091968,True
5,40,0.5877263417443057,0.394791901988728,0.31027192393159975,-0.08451997805712824,True
5,41,0.720884316380364,0.29747568287240816,0.31202324477667115,0.014547561904262984,False
5,42,1.657937580071723,0.19071564385587664,0.1362997338496124,-0.05441591000626425,True
5,43,0.9636023064487229,0.21726218841692008,0.18562775242765223,-0.03163443598926785,True
5,44,1.753273584193189,0.42256625802071823,0.3469969030649336,-0.07556935495578465,True
5,45,1.339594806288494,0.48859332307222114,0.4050434198578763,-0.08354990321434486,True
5,46,1.6813771892626468,0.260984339028981,0.24355793213285143,-0.017426406896129565,True
5,47,1.546759204683015,0.341048034102998,0.27930213894673045,-0.06174589515626755,True
5,48,1.7971120448881366,0.1560490280592059,0.1211820875478396,-0.034866940511366296,True
5,49,0.6687248417875676,0.25461341184259945,0.24966848025616012,-0.004944931586439327,True
5,50,0.45002608796551036,0.41229017402235885,0.33874591475484594,-0.0735442592675129,True
5,51,1.8709651254559527,0.39468310587628247,0.31335972960222974,-0.08132337627405273,True
5,52,1.5723826026910408,0.3974339723399028,0.32495913534606036,-0.07247483699384244,True
5,53,1.1976991214248718,0.3470867253425442,0.27379653385989533,-0.07329019148264887,True
5,54,2.934940383186722,0.3791080482001992,0.30460331195950197,-0.07450473624069726,True
5,55,1.9916442169577329,0.18103790624895535,0.15891868683979102,-0.022119219409164337,True
5,56,1.5452228024240386,0.39947961905537,0.3012957122108599,-0.09818390684451012,True
5,57,1.7230234502670048,0.5815683404970408,0.49229688634041,-0.08927145415663074,True
5,58,1.6646274422257687,0.31323300073942867,0.29670315228831357,-0.016529848451115103,True
5,59,0.3629020841295628,0.24946930906826004,0.21620580515794324,-0.033263503910316794,True
5,60,2.115189541978009,0.09762299409569154,0.0956540818308004,-0.00196891226489114,True
5,61,0.898476600586921,0.2921775619645355,0.20204058720509618,-0.0901369747594393,True
5,62,1.7961436545843659,0.528896869680135,0.43546506549438246,-0.09343180418575259,True
5,63,0.9387733879158909,0.2092134198236085,0.11925178214218057,-0.08996163768142793,True
5,64,1.7927814684578263,0.1432498184462838,0.14236802336553164,-0.0008817950807521457,True
5,65,1.2425792735053793,0.6160608366106775,0.5212851296880695,-0.09477570692260795,True
5,66,0.6295966544493495,0.09804390300235986,0.09282271672665124,-0.005221186275708625,True
5,67,1.0615190706056765,0.2038428207110078,0.1979637903321987,-0.005879030378809075,True
5,68,1.2233651640367846,0.27020549906083113,0.25203425258572765,-0.018171246475103486,True
5,69,2.786829063116364,0.4902971886298785,0.4258698839609501,-0.06442730466892838,True
5,70,0.3566446381493671,0.10877661472461783,0.06017274361701268,-0.048603871107605154,True
5,71,0.4000018699812884,0.21922159890186524,0.20643042653480936,-0.012791172367055875,True
5,72,2.0217606584426138,0.38851474670733127,0.3043672171170098,-0.08414752959032146,True
5,73,1.5829122716167605,0.7497698330485585,0.588080958349935,-0.16168887469862347,True
5,74,2.0947836890409497,0.1888686956736766,0.1682741273820982,-0.02059456829157838,True
5,75,3.545012857160456,0.7752724398294387,0.6454410665050078,-0.12983137332443095,True
5,76,1.8810634939386368,0.3150981707711426,0.2586440497379918,-0.056454121033150784,True
5,77,0.8477750628830673,0.1902624203892011,0.13372128717347634,-0.056541133215724765,True
5,78,0.9668555454988688,0.2592951456395317,0.22039896102721152,-0.038896184612320195,True
5,79,1.5361937605339275,0.36405047393846646,0.3530875299434526,-0.010962943995013852,True
5,80,1.1911355115030577,0.131284940322769,0.08912201415588474,-0.04216292616688426,True
5,81,1.1521718400281873,0.5862906757749708,0.4981317240251274,-0.08815895174984345,True
5,82,2.8057302398750408,0.13508418608153225,0.11467988039134672,-0.02040430569018553,True
5,83,2.4743606248460317,0.244661388341644,0.19836974090603884,-0.046291647435605154,True
5,84,1.0821266018256497,0.8065417424358003,0.6850889022738432,-0.12145284016195712,True
5,85,0.523230177108949,0.20568846000026858,0.20998721584889035,0.004298755848621771,False
5,86,3.133477935813498,0.172248263739612,0.1643679955045232,-0.007880268235088805,True
5,87,2.097850193371971,0.1774716485887178,0.15991012313758296,-0.017561525451134846,True
5,88,2.054381531722684,0.42009746171083656,0.37918895431646843,-0.04090850739436813,True
5,89,2.2410601140895787,0.17511290832308213,0.14690807042242182,-0.028204837900660307,True
5,90,1.5182076514906035,0.16232729942152968,0.16781559062571705,0.005488291204187368,False
5,91,0.9414743151643632,0.5021817549843177,0.3877285561017238,-0.11445319888259392,True
5,92,0.5703907454861054,0.2429691322345377,0.2290952809054858,-0.01387385132905189,True
5,93,0.7108943696658215,0.1634258197064247,0.1573281348411426,-0.006097684865282088,True
5,94,2.6744937776409046,0.23838452762711193,0.17245327597701246,-0.06593125165009947,True
5,95,1.7164640848353876,0.4821841062876482,0.38265838899083465,-0.09952571729681353,True
5,96,1.3961714612643328,0.5887920705260775,0.45053433131232234,-0.13825773921375517,True
5,97,1.9881936017441646,0.44096276176254057,0.37091303198865716,-0.0700497297738834,True
5,98,2.7559585151619137,0.38333099922437114,0.34536758548383256,-0.037963413740538576,True
5,99,1.6740023791938174,0.4816008028651103,0.3798262589104675,-0.1017745439546428,True
5,100,0.5213383789583182,0.2729227017338401,0.23057455946982813,-0.042348142264011956,True
5,101,1.2335813087178327,0.15430331005712192,0.15258534516012817,-0.0017179648969937455,True
5,102,2.0598440137668192,0.07047291461351861,0.07673027347137483,0.006257358857856221,False
5,103,0.5420097487517235,0.4310013713944577,0.3604190172572436,-0.07058235413721409,True
5,104,1.9979356648060844,0.26714447260175295,0.20063588393028386,-0.06650858867146908,True
5,105,1.9501144721944588,0.190052249048281,0.13603869103795213,-0.054013558010328866,True
5,106,3.0678920703802333,0.44513422680690057,0.3526634369300246,-0.09247078987687596,True
5,107,1.792948275728605,0.5993565235805366,0.4987843206221551,-0.10057220295838148,True
5,108,2.8025903729453456,0.23718802164563776,0.17984540149090153,-0.057342620154736235,True
5,109,1.167944153380913,0.2008141468276556,0.17985892013913207,-0.020955226688523537,True
5,110,1.8866420006648565,0.5832956257480704,0.49268389910755406,-0.09061172664051631,True
5,111,1.181511931276463,0.2219964011497703,0.20886911449033,-0.013127286659440296,True
5,112,0.5187978726484227,0.13393748648315013,0.09386102235133958,-0.04007646413181054,True
5,113,1.2029389892156543,0.23778828988254289,0.20532459624654545,-0.03246369363599744,True
5,114,1.4149525144369686,0.4584834606421654,0.37563865140649944,-0.08284480923566595,True
5,115,0.8117584020147519,0.39356092531371867,0.3779869716715273,-0.015573953642191385,True
5,116,3.736700865516752,0.6547331047749919,0.5492292365667107,-0.10550386820828117,True
5,117,0.552720611322213,0.1305702583204674,0.11444032706395944,-0.016129931256507954,True
5,118,2.6618165761946786,0.23761917965270785,0.19825981713834118,-0.03935936251436667,True
5,119,1.6546931658779052,0.2850892080816889,0.24803690736223596,-0.03705230071945295,True
5,120,1.93248416778641,0.2854161189799177,0.25554434698828987,-0.029871771991627827,True
5,121,1.1429748281416394,0.30666320964100685,0.22927594472514023,-0.07738726491586662,True
5,122,1.387364204196144,0.09351206612439086,0.06662346137120566,-0.026888604753185205,True
5,123,1.7591684822705378,0.2735179011830937,0.1785424847055175,-0.09497541647757621,True
5,124,1.1558819713891264,0.5567110250488501,0.44686943528825035,-0.10984158976059971,True
5,125,0.42437759777370665,0.305015042049902,0.24229575839232834,-0.06271928365757365,True
5,126,1.894324825211885,0.14270478959921293,0.12776278767970015,-0.014942001919512782,True
5,127,1.017156370737093,0.5336018465961941,0.46228872410890304,-0.0713131224872911,True
5,128,1.9544815666729787,0.24956215302351176,0.2158681651339318,-0.033693987889579946,True
5,129,0.9627405201066789,0.4972560670388302,0.3738773004900753,-0.1233787665487549,True
5,130,3.3666358171357924,0.3103614494660858,0.2950643076803149,-0.015297141785770907,True
5,131,1.313692005234976,0.20596601281868587,0.16707642112319077,-0.03888959169549511,True
5,132,1.4224447423096984,0.22941016378562398,0.2397180612627565,0.01030789747713251,False
5,133,0.9131648567596412,0.21195096473866015,0.22551546242597648,0.013564497687316324,False
5,134,2.218465490239173,0.5809517351647794,0.4607358871963996,-0.12021584796837981,True
5,135,0.8363472238596029,0.2881032423672611,0.2667964089634121,-0.02130683340384898,True
5,136,2.151122349946876,0.3196394271653535,0.3022280352680594,-0.01741139189729407,True
5,137,1.6725814914444481,0.16746397213515188,0.13410715395588124,-0.033356818179270636,True
5,138,0.7076816252152224,0.3173091850059528,0.27543000199113254,-0.04187918301482024,True
5,139,1.773294098315846,0.7381891762619498,0.5760250634649493,-0.1621641127970005,True
5,140,1.3877371279107384,0.3057276665551017,0.2599312831872985,-0.04579638336780317,True
5,141,1.770169705916504,0.24705816232000918,0.1795784858583695,-0.06747967646163969,True
5,142,0.6188271245006247,0.29351245521572517,0.23440969437184997,-0.059102760843875196,True
5,143,2.009238138470171,0.3654369298741872,0.30258010666464485,-0.06285682320954233,True
5,144,2.2697540085205477,0.2325336365321625,0.2065489635828337,-0.025984672949328796,True
5,145,0.6445739924971965,0.23045503809264103,0.1934272394567905,-0.03702779863585054,True
5,146,1.951091059824726,0.17371426823314123,0.10402017206832045,-0.06969409616482078,True
5,147,0.6244106467972126,0.07588855867666508,0.07702610347382104,0.0011375447971559566,False
5,148,1.8556171271149362,0.23016107414919335,0.13347436572721488,-0.09668670842197846,True
5,149,1.3834215359771758,0.18965955343867,0.1816247898967278,-0.008034763541942186,True
5,150,0.9332875279017899,0.60297993333535,0.4902633362650406,-0.11271659707030945,True
5,151,2.1283293978280815,0.32570151427310706,0.216879886062865,-0.10882162821024205,True
5,152,1.2791709045695148,0.7690456069606811,0.6478045964408041,-0.12124101051987701,True
5,153,1.5260477485342216,0.2467174484774348,0.24366628084343323,-0.003051167634001567,True
5,154,1.6604222062676508,0.2234162199712206,0.19239430002516075,-0.03102191994605985,True
5,155,2.3712404112481016,0.5191502843995193,0.4612003491555117,-0.057949935244007544,True
5,156,1.8987444582843254,0.5971774731429713,0.4981659073950577,-0.09901156574791359,True
5,157,1.1948183083383834,0.3339966670608431,0.28869741669781046,-0.04529925036303262,True
5,158,1.5181652921651152,0.33016678743286487,0.2641770774803898,-0.06598970995247505,True
5,159,3.563710367139264,0.14275186949024843,0.1261292594217485,-0.016622610068499938,True
5,160,0.8931337180780254,0.44689744257980235,0.37539295245696347,-0.07150449012283888,True
5,161,1.5394254483968428,0.15983637693323252,0.140983695690134,-0.018852681243098524,True
5,162,1.3876471474447842,0.36401150001346105,0.306584829349806,-0.05742667066365503,True
5,163,2.4084858065440744,0.17730254901267173,0.1898492759628737,0.01254672695020198,False
5,164,1.1028409623960533,0.5889908945705513,0.48286145960415694,-0.10612943496639438,True
5,165,1.068153274852048,0.28478391798753966,0.22140465112996913,-0.06337926685757053,True
5,166,2.3807343421295166,0.08590370257154614,0.09597991506286138,0.01007621249131524,False
5,167,1.4358783134389883,0.17934201620480905,0.10178045678398963,-0.07756155942081942,True
5,168,2.3217969220941463,0.17496952697071372,0.14330112399220168,-0.031668402978512034,True
5,169,1.1753142731653,0.45561267965316177,0.39529635550839737,-0.0603163241447644,True
5,170,2.1598864068656134,0.12197397511691349,0.1138597168159931,-0.008114258300920385,True
5,171,0.4238634901263796,0.1218884537117357,0.09757600433539582,-0.02431244937633989,True
5,172,1.566594466370216,0.09915086082795446,0.0912396521701382,-0.007911208657816263,True
5,173,1.400031972920311,0.16177104865264644,0.14474458433286647,-0.01702646431977997,True
5,174,0.4796443692995773,0.34529416606990077,0.28310075501003384,-0.06219341105986692,True
5,175,1.4558907092507303,0.7252103214265126,0.661406661022021,-0.0638036604044917,True
5,176,1.474620816148256,0.20476421360923497,0.16264736321320328,-0.04211685039603169,True
5,177,0.5969410761089038,0.601637092117176,0.46732141182049813,-0.13431568029667784,True
5,178,0.4463047387241857,0.4423453685463103,0.36808568057945396,-0.07425968796685634,True
5,179,0.7462850082196816,0.3007296090159316,0.2086703779316379,-0.0920592310842937,True
5,180,0.9055636423824076,0.4376855876361395,0.3801729878345362,-0.05751259980160334,True
5,181,0.8591491334681676,0.7505926433120917,0.5855731949764545,-0.1650194483356372,True
5,182,1.3362593367358866,0.1884079005624935,0.18285870857916586,-0.00554919198332765,True
5,183,2.878573603293558,0.28803535194178126,0.25924771683598324,-0.028787635105798015,True
5,184,1.5077781641565071,0.3995645572187539,0.28981858329700627,-0.10974597392174762,True
5,185,1.5391886448552414,0.355763021720639,0.25988183749736254,-0.09588118422327646,True
5,186,0.7299678023905478,0.24320848251573768,0.20625592386179978,-0.0369525586539379,True
5,187,2.6073194172943954,0.14909111104127817,0.13335354939567493,-0.01573756164560325,True
5,188,2.73776540219227,0.2934033800100904,0.2430353701423692,-0.05036800986772122,True
5,189,2.585850849312494,0.4405014683294235,0.3761469310813132,-0.0643545372481103,True
5,190,0.9268973295025908,0.09462875173338753,0.09948110606477811,0.004852354331390585,False
5,191,2.0827039826809632,0.2922855754080147,0.2360593878354933,-0.0562261875725214,True
5,192,1.0649822663201098,0.2850014970193042,0.2468598096344855,-0.03814168738481871,True
5,193,2.1158070892526846,0.3901462541708556,0.3614262898160424,-0.028719964354813166,True
5,194,0.6219986582430374,0.28277098052543415,0.2756200028813531,-0.007150977644081069,True
5,195,1.1413414174210461,0.24664851187360975,0.19830481558326252,-0.04834369629034724,True
5,196,1.2198661975938876,0.13575095885091795,0.141319391142348,0.005568432291430059,False
5,197,1.7288254788166277,0.5534854055134396,0.4963412813051018,-0.05714412420833781,True
5,198,1.4210753261309952,0.16186984224047757,0.14165760376303954,-0.020212238477438027,True
5,199,2.199890836892293,0.365639457836375,0.3183467488875525,-0.04729270894882254,True
5,200,1.5716441471547187,0.33852621891673357,0.29884284190878024,-0.039683377007953324,True
10,1,2.0440115744969716,0.3595778976804916,0.2460188910365441,-0.1135590066439475,True
10,2,3.082891167316451,0.32811885222423604,0.2928666536686917,-0.035252198555544345,True
10,3,1.3120632521638553,0.8195026853242118,0.6790065012538334,-0.14049618407037834,True
10,4,3.462319341561311,0.1521194090158502,0.1029131049971873,-0.0492063040186629,True
10,5,1.4005973104045522,0.3759061617406635,0.33012090702420066,-0.04578525471646283,True
10,6,1.8810750992337975,0.1940629950382689,0.14472506871085122,-0.04933792632741768,True
10,7,3.4945024380334377,1.111913575099745,0.9727772207761594,-0.13913635432358573,True
10,8,3.1944032354530116,0.30645158885704166,0.30753516457559615,0.001083575718554497,False
10,9,3.490760937562163,0.23067872648383186,0.19577797027019544,-0.03490075621363642,True
10,10,2.3693944223046155,0.5532088844048595,0.541630436820728,-0.011578447584131513,True
10,11,2.0147372443844564,0.9758494161059923,0.8383351991126587,-0.13751421699333355,True
10,12,1.5322212888339468,0.3878494373143209,0.324227377560269,-0.06362205975405194,True
10,13,2.4082131158358484,0.6864726487381574,0.6156897964666279,-0.07078285227152947,True
10,14,0.686214969172231,0.23136148943931514,0.21264222410933775,-0.01871926532997739,True
10,15,2.218848461235606,0.27349309749214085,0.22404423654412783,-0.04944886094801301,True
10,16,1.962649317476592,0.2298745187736755,0.21432486648672605,-0.015549652286949461,True
10,17,3.491636445085669,0.2571849348558705,0.27506508885538433,0.017880153999513815,False
10,18,1.249368279082261,0.6786804206857988,0.5200512976714454,-0.1586291230143534,True
10,19,1.8574840013447607,1.2922022377623947,1.0990022050748407,-0.19320003268755404,True
10,20,2.0896540064577094,0.43143717390784825,0.38336603416120824,-0.04807113974664001,True
10,21,1.2268704998010005,0.4370762379375159,0.42050076428645994,-0.01657547365105594,True
10,22,3.7566332745669513,0.2468384047761815,0.23401277225154002,-0.012825632524641473,True
10,23,1.4231851633061399,0.3871435439003237,0.3560668980652054,-0.031076645835118266,True
10,24,4.620175423393722,0.3338758855594019,0.24580155795689185,-0.08807432760251005,True
10,25,0.8203818539691806,0.2133919391378218,0.21051897844129622,-0.002872960696525595,True
10,26,2.1110689584313787,0.5541194973011527,0.47180545648545735,-0.08231404081569538,True
10,27,2.933463470760027,0.27390035706632027,0.21790992004809212,-0.055990437018228145,True
10,28,2.0891560689320094,0.519349297395917,0.46557633577846835,-0.0537729616174486,True
10,29,1.2959728880701054,0.25967611897416354,0.22096876557590855,-0.038707353398254984,True
10,30,0.6970493604821899,0.4027630728590429,0.3403810120119815,-0.06238206084706138,True
10,31,2.0092405189876,0.43544513475509855,0.406652967014438,-0.028792167740660568,True
10,32,1.6703018320351388,0.3708339580082864,0.2927267167033508,-0.07810724130493557,True
10,33,2.2480265373511585,0.26355712144893634,0.18500585279310314,-0.0785512686558332,True
10,34,0.7880662304101627,0.9647117733527881,0.8371858245424101,-0.12752594881037804,True
10,35,2.9880545077249385,0.2674559407338611,0.20251331357179966,-0.06494262716206142,True
10,36,1.6187277739935717,0.2509332053369501,0.2305754746880023,-0.02035773064894783,True
10,37,1.3324953737441494,0.2923599061625922,0.25350245297810353,-0.03885745318448869,True
10,38,1.9167921812734277,1.1052631935236175,0.9495515739375224,-0.15571161958609503,True
10,39,1.713082427172254,0.33118590930070385,0.24170098134060297,-0.08948492796010088,True
10,40,0.45554911389271563,0.33659820803719515,0.3062283370737622,-0.030369870963432966,True
10,41,0.7849965833743106,0.4048594426179192,0.41120602261757694,0.006346579999657764,False
10,42,1.4859913800264333,0.2606410044707687,0.2511196369167162,-0.009521367554052529,True
10,43,2.008850372919611,0.28583181308988864,0.282305316247769,-0.003526496842119642,True
10,44,2.1260607199949293,0.4950739182059852,0.4269481883802789,-0.06812572982570625,True
10,45,2.1929040677951583,0.3319303777697635,0.2694136644622633,-0.0625167133075002,True
10,46,2.853894916260467,0.4657240820715736,0.3987058464055498,-0.06701823566602383,True
10,47,1.9599935435827556,0.36027016960826275,0.3651041647996096,0.004833995191346863,False
10,48,4.9646131819038,0.11929498888675953,0.0998343514297822,-0.019460637456977334,True
10,49,1.052758722892828,0.5265530226575008,0.4689905204834742,-0.057562502174026586,True
10,50,0.9990507777926115,0.16757864834458583,0.1435631941614703,-0.024015454183115542,True
10,51,3.395498294986188,0.7622829620053581,0.6045245412917967,-0.1577584207135614,True
10,52,2.731007687418614,0.44689320149809075,0.3282261977845483,-0.11866700371354244,True
10,53,1.7648441916398887,0.8412517140934629,0.7254159725125076,-0.11583574158095533,True
10,54,2.876609708168579,1.0535041408529793,0.8792844447525952,-0.17421969610038412,True
10,55,1.5603901096716304,0.25282786794752765,0.17469182694550361,-0.07813604100202404,True
10,56,0.33913348327833576,0.32507487825063586,0.2952501386178792,-0.02982473963275667,True
10,57,2.258255254406448,0.7164282997674033,0.5979091441505118,-0.11851915561689153,True
10,58,2.948439621344489,0.14429872598099885,0.11937028376794323,-0.024928442213055624,True
10,59,1.5747672874780168,0.3105842181265586,0.23828034595101957,-0.07230387217553905,True
10,60,0.6463937118045279,0.7531803715512816,0.6715608240899354,-0.08161954746134614,True
10,61,2.701788800305373,0.5442341841046563,0.4485280726313817,-0.09570611147327457,True
10,62,1.2500438724474503,0.8091144221653983,0.6525825377687512,-0.15653188439664711,True
10,63,3.545202633022907,0.22756382093916688,0.17134892062531898,-0.056214900313847904,True
10,64,1.5119897712711854,0.3792207773256301,0.3342776498763923,-0.044943127449237785,True
10,65,1.0496115293799964,0.8584051616260201,0.7342140210972463,-0.12419114052877378,True
10,66,2.3465685913931,0.2711380227741511,0.25196964722728854,-0.01916837554686257,True
10,67,2.1657223680745123,0.7434916625854732,0.6618187551415887,-0.08167290744388445,True
10,68,0.6869347196798754,0.4428025694449418,0.3389140465120957,-0.10388852293284606,True
10,69,3.0742027774432974,0.45127198552599057,0.3938003082191068,-0.057471677306883795,True
10,70,1.2772245537354512,0.24090001277513115,0.1678496074062839,-0.07305040536884724,True
10,71,1.2940186446007127,0.4831048829639966,0.394269330742806,-0.0888355522211906,True
10,72,0.6421020145718824,0.5182103449396168,0.39282065160501417,-0.12538969333460265,True
10,73,4.07524775891394,1.4421967642618376,1.2579012433464125,-0.18429552091542512,True
10,74,2.589209433522134,0.3007094583370673,0.257197219581913,-0.04351223875515431,True
10,75,4.675874742685082,1.0076390363525773,0.8460354805388842,-0.16160355581369312,True
10,76,2.646242734750536,0.2545036795663875,0.28594715617498734,0.03144347660859986,False
10,77,2.469926669929274,0.21658787348127334,0.19308777625853718,-0.02350009722273616,True
10,78,0.7758449987115069,0.42344496272850585,0.3559350271895237,-0.06750993553898216,True
10,79,3.1990351597941333,0.1569570576599455,0.10411905350538646,-0.05283800415455904,True
10,80,4.002992010099238,0.21679622640172147,0.19987120366684236,-0.016925022734879114,True
10,81,2.6238721630428707,0.3958977797436484,0.3770991830026193,-0.018798596741029128,True
10,82,3.931215597945555,0.35821597261760457,0.2724997465539993,-0.0857162260636053,True
10,83,0.7830827093067774,0.2574814785157953,0.22968445622269174,-0.027797022293103546,True
10,84,2.0127077680131444,1.02415267431798,0.8533746356199721,-0.170778038698008,True
10,85,1.6835400819110313,0.31452167962706246,0.31974995024125563,0.005228270614193176,False
10,86,3.287541970854751,0.461931599656918,0.3608731557900611,-0.10105844386685692,True
10,87,1.111002640262483,0.18468239010954002,0.17474483681423547,-0.009937553295304546,True
10,88,2.258711763493105,1.1399264555671136,1.0365724020015354,-0.10335405356557814,True
10,89,4.6569414665826505,0.30459606026468466,0.25179371986706234,-0.05280234039762233,True
10,90,1.9367200401021138,0.19406302049779045,0.17078551084976368,-0.023277509648026773,True
10,91,1.6719533295103937,0.14431670729293014,0.15260304351879211,0.008286336225861973,False
10,92,2.3852485126558145,0.5859578467141356,0.45978531620308444,-0.1261725305110512,True
10,93,1.0313726177545974,0.2647180539936302,0.23108259108651813,-0.03363546290711206,True
10,94,2.3281647491246398,0.16473339173347465,0.16496408965255116,0.00023069791907651127,False
10,95,1.6147286643626202,0.5581023201325039,0.4353933042303759,-0.12270901590212802,True
10,96,1.1803722695322516,0.6784683872987829,0.5501055740732235,-0.12836281322555942,True
10,97,2.6604389953002996,0.3311069605676127,0.27025648100905103,-0.060850479558561654,True
10,98,3.0725338263702406,0.5288605085887613,0.41430203572717383,-0.11455847286158749,True
10,99,3.108132406902565,0.3517551833941225,0.2915162243133004,-0.06023895908082211,True
10,100,1.4375417258646983,0.29485069455240664,0.2499426298327245,-0.044908064719682145,True
10,101,0.45686510916742196,0.15727613573133822,0.1729963966894867,0.015720260958148463,False
10,102,1.7013026503755233,0.3757254016663744,0.27575021993946947,-0.09997518172690495,True
10,103,1.5664791815129675,0.4738895020197626,0.3995561661790839,-0.0743333358406787,True
10,104,1.235032923217923,0.22135456151337338,0.20936695873110342,-0.011987602782269957,True
10,105,1.2765622286038734,0.11648517805546496,0.10232879008917775,-0.01415638796628721,True
10,106,5.105230999760573,0.7415920321483541,0.6478280308074771,-0.09376400134087703,True
10,107,0.46849211203493446,0.15411764318909327,0.1483714228699319,-0.00574622031916136,True
10,108,1.7698666540017913,0.21716916993939667,0.20305276989127152,-0.014116400048125144,True
10,109,3.6238846285185082,0.7143014106699698,0.6477279476675143,-0.06657346300245548,True
10,110,2.0759195141610793,0.4230725352391436,0.3681957358533792,-0.0548767993857644,True
10,111,1.75969917071232,0.4432660425271781,0.3428292609592746,-0.10043678156790353,True
10,112,1.1221109273085033,0.16333972402302782,0.1640011317879468,0.000661407764918992,False
10,113,1.4313070938358459,0.1598068267789995,0.16774654953015028,0.00793972275115079,False
10,114,1.610985750069994,0.45012527292020876,0.44482605030369343,-0.005299222616515331,True
10,115,1.795307818434513,0.6103398601134302,0.48317266371897805,-0.12716719639445218,True
10,116,3.608368090738857,0.6390441380791908,0.570848719366067,-0.06819541871312385,True
10,117,1.02581120971383,0.27043623215822726,0.19298159611613888,-0.07745463604208838,True
10,118,2.142870736864226,0.36822168077835,0.25049930181383884,-0.11772237896451115,True
10,119,3.3579068381913144,0.4380366280041864,0.42791801747003083,-0.010118610534155581,True
10,120,1.1643570061168065,0.7640682278753861,0.6081218641431312,-0.1559463637322549,True
10,121,1.4428481000675573,0.43625743542189327,0.34264683128320034,-0.09361060413869293,True
10,122,1.5195224970292054,0.13699696088490318,0.13027679970988326,-0.0067201611750199175,True
10,123,1.7433960896599419,1.1198889882430112,0.9533792311474069,-0.16650975709560434,True
10,124,1.4557472770208346,0.47191874587060123,0.4207727562653002,-0.051145989605301034,True
10,125,2.44404991716818,0.6945334560340647,0.5835504247833858,-0.11098303125067888,True
10,126,2.1895515763960587,0.45185505134244003,0.3864531648609549,-0.06540188648148515,True
10,127,2.0623805477343002,0.7068303757688371,0.5923263023284622,-0.11450407344037494,True
10,128,2.3802861114679623,0.45893228109878675,0.44373623891802816,-0.015196042180758595,True
10,129,2.363789201064511,0.3786581446902638,0.343959409465803,-0.03469873522446082,True
10,130,4.403480008472185,0.3717763833685612,0.3522435961038256,-0.019532787264735618,True
10,131,2.328103274582159,0.3055049849727864,0.2699083030923399,-0.03559668188044651,True
10,132,1.7528800054285953,0.5872829997978892,0.4961148926037968,-0.09116810719409241,True
10,133,0.4529752575368536,0.24929711910772132,0.20564072086042232,-0.043656398247299,True
10,134,1.2670847037496284,0.265362486962025,0.22119052591332106,-0.04417196104870397,True
10,135,2.3599947434446173,0.291098320607828,0.2503346698939679,-0.04076365071386007,True
10,136,1.3838834536191427,0.31695069589451785,0.27828321628751623,-0.03866747960700162,True
10,137,2.3598728329990757,0.41005625016745667,0.3433690571657423,-0.06668719300171438,True
10,138,0.793340269873648,0.5866145601439597,0.5244868308717677,-0.06212772927219201,True
10,139,3.2655155142144086,0.6509600184485361,0.5470117444132224,-0.1039482740353137,True
10,140,3.8880262741356155,0.22074654060229507,0.22695771107978036,0.006211170477485289,False
10,141,3.245852447505657,0.17934583986018504,0.1565797155962591,-0.022766124263925935,True
10,142,1.3630322205003729,0.632343300287594,0.5360467720026029,-0.09629652828499113,True
10,143,1.6701756177497664,0.19394606625387245,0.10612283597340576,-0.0878232302804667,True
10,144,0.8528924493548111,0.38639580472588714,0.3205318346412502,-0.06586397008463696,True
10,145,2.2621594135661414,0.16914319984631057,0.12328218164025723,-0.045861018206053344,True
10,146,0.44478358225852466,0.07298707951915667,0.0963483204534067,0.02336124093425003,False
10,147,1.1072542111347674,0.2080418394280782,0.19593224829304626,-0.012109591135031933,True
10,148,4.489517358691372,0.3231315667556519,0.2535705289725807,-0.06956103778307121,True
10,149,1.2341731354463126,0.6746188801161198,0.5755005019053577,-0.09911837821076208,True
10,150,3.3180443500645738,0.15214172348719807,0.11735641341543358,-0.03478531007176448,True
10,151,0.5823096202204044,0.31525724564079644,0.2886533544630304,-0.026603891177766015,True
10,152,3.049904234784468,1.188629462842519,1.0322908779695341,-0.1563385848729848,True
10,153,1.4557423925516635,0.48662736535313056,0.45274009903837253,-0.033887266314758024,True
10,154,0.7287566608008614,0.41457956191905077,0.33145359879881686,-0.0831259631202339,True
10,155,2.6273571754619436,0.5862376852801848,0.5514952959200937,-0.03474238936009111,True
10,156,2.6800623061877404,0.5437540468732515,0.45340212957591153,-0.09035191729733993,True
10,157,1.4173765205764448,0.1736192499950001,0.14786268994810783,-0.02575656004689228,True
10,158,2.5014041792712094,0.26114298427546917,0.18966358375396725,-0.07147940052150192,True
10,159,3.226926133543342,0.47097641769805243,0.39987223377443487,-0.07110418392361756,True
10,160,0.9048169100386094,0.5188545678597608,0.4246193947289687,-0.0942351731307921,True
10,161,1.4981963193601617,0.3347608566330601,0.28274632631460594,-0.052014530318454155,True
10,162,2.201500920166369,0.4589031739425101,0.4487566374898056,-0.010146536452704524,True
10,163,2.2523592466089664,0.24049415988959638,0.1738764306277063,-0.06661772926189008,True
10,164,2.2967959405818092,1.05051134946199,0.90076958464987,-0.14974176481211998,True
10,165,1.6593769556444915,0.33358963721956403,0.29046360797568405,-0.04312602924387998,True
10,166,0.9901607045309297,0.26992464562251106,0.18659574218249114,-0.08332890344001992,True
10,167,1.7000858883555265,0.2309086339728644,0.19765239463812417,-0.03325623933474023,True
10,168,4.866823393680038,0.13330355728235066,0.13148026862926288,-0.0018232886530877845,True
10,169,2.943971183193029,0.4544592116828096,0.3863186586989168,-0.06814055298389282,True
10,170,3.4841675679436044,0.4785672563222707,0.394929506651711,-0.0836377496705597,True
10,171,0.7003128123689157,0.29169771389849347,0.2640685092709551,-0.027629204627538373,True
10,172,1.8403822555374916,0.2572872951721587,0.22714331907156696,-0.030143976100591746,True
10,173,1.4469095784194788,0.17713979657626297,0.1798582476721484,0.0027184510958854213,False
10,174,1.8419690234414676,0.26401285760425275,0.2143286252841725,-0.049684232320080235,True
10,175,2.7433003768963187,1.136453186035538,1.0104593799727284,-0.12599380606280963,True
10,176,4.260879636642591,0.3587799641574927,0.3610539720994449,0.0022740079419522052,False
10,177,0.8973405677568784,0.4740251154874728,0.3686841565070002,-0.10534095898047258,True
10,178,1.9300800526629087,0.9807975778509468,0.8207723555649111,-0.16002522228603566,True
10,179,3.300321418450549,0.45053891400358315,0.3764109152032966,-0.07412799880028653,True
10,180,1.9647898852902805,0.09986428078546278,0.11270084744158072,0.012836566656117945,False
10,181,1.4402869598389334,0.6759001075662013,0.5698392248478845,-0.10606088271831682,True
10,182,1.5283092729398826,0.27328373182331883,0.25916926976275956,-0.014114462060559274,True
10,183,3.734058029078171,0.25811134735243285,0.26088187463867885,0.002770527286245994,False
10,184,2.026617616048485,0.5598338290710605,0.5014404807369733,-0.05839334833408716,True
10,185,0.9133389665407303,0.3230332736094602,0.2635242777944967,-0.059508995814963495,True
10,186,1.9896482804267197,0.29170865519348566,0.2689869156749658,-0.022721739518519857,True
10,187,3.9122937332846695,0.6424654114303167,0.4972137752327144,-0.14525163619760229,True
10,188,0.7614864558904306,0.29537151422370134,0.24226172795743453,-0.053109786266266806,True
10,189,1.9777161572085844,0.2769428086050254,0.2626165956622031,-0.014326212942822325,True
10,190,3.335128514705975,0.169418137480495,0.11597483710614982,-0.05344330037434518,True
10,191,4.356067905465849,0.3422191329715315,0.3020764837547959,-0.040142649216735604,True
10,192,0.9561658444714152,0.35187777418123223,0.33033428696412964,-0.021543487217102586,True
10,193,0.6908866409453036,0.18285679464909702,0.16552389560973918,-0.017332899039357835,True
10,194,0.9031300182828312,0.5469115276032211,0.43101742619218,-0.11589410141104117,True
10,195,0.6613313104380393,0.3599998398002869,0.3189602307933752,-0.04103960900691167,True
10,196,2.6647427574222498,0.6072129474982026,0.4751880741038432,-0.13202487339435942,True
10,197,1.9649029867408556,0.4155822585380181,0.4046370689624869,-0.0109451895755312,True
10,198,0.5351074890672068,0.15096151324691504,0.16135037386030077,0.01038886061338573,False
10,199,2.1633033704090323,0.8505909171826046,0.6765177168010357,-0.17407320038156893,True
10,200,1.8900945624454693,0.37037894519532166,0.29818316946061546,-0.0721957757347062,True
